id,author,license,common_name
102896820,PaDi,CC BY-NC-ND 4.0,Western Honey Bee
117327394,PaDi,CC BY-NC-ND 4.0,European Orchard Bee
117456714,PaDi,CC BY-NC-ND 4.0,European Orchard Bee
12222481,Heather Holm,CC BY-NC 4.0,Zephyr Sweat Bee
123177299,PaDi,CC BY-NC-ND 4.0,Red Mason Bee
123177313,PaDi,CC BY-NC-ND 4.0,Red Mason Bee
123177321,PaDi,CC BY-NC-ND 4.0,Red Mason Bee
123177347,PaDi,CC BY-NC-ND 4.0,Red Mason Bee
126893358,PaDi,CC BY-NC-ND 4.0,Western Honey Bee
128429308,PaDi,CC BY-NC-ND 4.0,Western Honey Bee
129141458,PaDi,CC BY-NC-ND 4.0,Western Honey Bee
129151540,PaDi,CC BY-NC-ND 4.0,Western Honey Bee
129298749,PaDi,CC BY-NC-ND 4.0,Red Mason Bee
129629688,PaDi,CC BY-NC-ND 4.0,Shrill Carder-Bumble Bee
129629752,PaDi,CC BY-NC-ND 4.0,Shrill Carder-Bumble Bee
129630253,PaDi,CC BY-NC-ND 4.0,Red-tailed Bumble Bee
129630307,PaDi,CC BY-NC-ND 4.0,Red-tailed Bumble Bee
129631213,PaDi,CC BY-NC-ND 4.0,Red-tailed Bumble Bee
129631246,PaDi,CC BY-NC-ND 4.0,Western Honey Bee
129631445,PaDi,CC BY-NC-ND 4.0,Red-tailed Bumble Bee
129673356,PaDi,CC BY-NC-ND 4.0,Variegated Masked Bee
129674448,PaDi,CC BY-NC-ND 4.0,Variegated Masked Bee
129674667,PaDi,CC BY-NC-ND 4.0,Variegated Masked Bee
129692966,PaDi,CC BY-NC-ND 4.0,Great Banded Furrow Bee
129693095,PaDi,CC BY-NC-ND 4.0,Great Banded Furrow Bee
129693159,PaDi,CC BY-NC-ND 4.0,Western Honey Bee
131528118,PaDi,CC BY-NC-ND 4.0,Great Banded Furrow Bee
132615048,PaDi,CC BY-NC-ND 4.0,Western Honey Bee
132615475,PaDi,CC BY-NC-ND 4.0,Western Honey Bee
132615552,PaDi,CC BY-NC-ND 4.0,Buff-tailed Bumble Bee
132615642,PaDi,CC BY-NC-ND 4.0,Western Honey Bee
132615791,PaDi,CC BY-NC-ND 4.0,Western Honey Bee
132616093,PaDi,CC BY-NC-ND 4.0,Western Honey Bee
133086510,PaDi,CC BY-NC-ND 4.0,Great Banded Furrow Bee
133086532,PaDi,CC BY-NC-ND 4.0,Red Mason Bee
133086605,PaDi,CC BY-NC-ND 4.0,Western Honey Bee
133143861,PaDi,CC BY-NC-ND 4.0,Western Honey Bee
133320164,PaDi,CC BY-NC-ND 4.0,European Paper Wasp
133567243,PaDi,CC BY-NC-ND 4.0,Western Honey Bee
133567459,PaDi,CC BY-NC-ND 4.0,Red Mason Bee
133567526,PaDi,CC BY-NC-ND 4.0,Great Banded Furrow Bee
133567665,PaDi,CC BY-NC-ND 4.0,Red Mason Bee
133568209,PaDi,CC BY-NC-ND 4.0,Western Honey Bee
133579812,PaDi,CC BY-NC-ND 4.0,Golden Furrow Bee
133767504,PaDi,CC BY-NC-ND 4.0,European Paper Wasp
134587915,PaDi,CC BY-NC-ND 4.0,Great Banded Furrow Bee
134846742,PaDi,CC BY-NC-ND 4.0,Great Banded Furrow Bee
134846792,PaDi,CC BY-NC-ND 4.0,Western Honey Bee
134856990,PaDi,CC BY-NC-ND 4.0,Western Honey Bee
135753680,Stephen Petersen,CC BY-NC 4.0,Zephyr Sweat Bee
136547691,PaDi,CC BY-NC-ND 4.0,Western Honey Bee
136548541,PaDi,CC BY-NC-ND 4.0,Vestal Cuckoo Bumble Bee
136548632,PaDi,CC BY-NC-ND 4.0,European Paper Wasp
136548896,PaDi,CC BY-NC-ND 4.0,Vestal Cuckoo Bumble Bee
137593899,PaDi,CC BY-NC-ND 4.0,Western Honey Bee
137897311,PaDi,CC BY-NC-ND 4.0,Western Honey Bee
137972604,PaDi,CC BY-NC-ND 4.0,Western Honey Bee
138080995,PaDi,CC BY-NC-ND 4.0,Western Honey Bee
138081003,PaDi,CC BY-NC-ND 4.0,Western Honey Bee
138082635,PaDi,CC BY-NC-ND 4.0,Red Clover
139202974,PaDi,CC BY-NC-ND 4.0,Western Honey Bee
139202996,PaDi,CC BY-NC-ND 4.0,Western Honey Bee
139203062,PaDi,CC BY-NC-ND 4.0,Western Honey Bee
139203226,PaDi,CC BY-NC-ND 4.0,European Paper Wasp
139534015,PaDi,CC BY-NC-ND 4.0,Western Honey Bee
139534096,PaDi,CC BY-NC-ND 4.0,Western Honey Bee
139534109,PaDi,CC BY-NC-ND 4.0,Western Honey Bee
139534249,PaDi,CC BY-NC-ND 4.0,Western Honey Bee
139534285,PaDi,CC BY-NC-ND 4.0,Western Honey Bee
139534343,PaDi,CC BY-NC-ND 4.0,Western Honey Bee
139534419,PaDi,CC BY-NC-ND 4.0,Red-tailed Bumble Bee
139534504,PaDi,CC BY-NC-ND 4.0,Western Honey Bee
139534524,PaDi,CC BY-NC-ND 4.0,Western Honey Bee
139534538,PaDi,CC BY-NC-ND 4.0,Western Honey Bee
139534549,PaDi,CC BY-NC-ND 4.0,European Paper Wasp
139534588,PaDi,CC BY-NC-ND 4.0,Western Honey Bee
140409228,PaDi,CC BY-NC-ND 4.0,Western Honey Bee
141638703,PaDi,CC BY-NC-ND 4.0,Western Honey Bee
141924343,PaDi,CC BY-NC-ND 4.0,Western Honey Bee
141924428,PaDi,CC BY-NC-ND 4.0,Western Honey Bee
141924550,PaDi,CC BY-NC-ND 4.0,Western Honey Bee
141924973,PaDi,CC BY-NC-ND 4.0,Western Honey Bee
141943792,PaDi,CC BY-NC-ND 4.0,Western Honey Bee
142163047,PaDi,CC BY-NC-ND 4.0,Western Honey Bee
142163191,PaDi,CC BY-NC-ND 4.0,Western Honey Bee
142163242,PaDi,CC BY-NC-ND 4.0,Western Honey Bee
142163301,PaDi,CC BY-NC-ND 4.0,Western Honey Bee
142163493,PaDi,CC BY-NC-ND 4.0,Western Honey Bee
142163524,PaDi,CC BY-NC-ND 4.0,Western Honey Bee
142163543,PaDi,CC BY-NC-ND 4.0,Common Carder Bumble Bee
142163742,PaDi,CC BY-NC-ND 4.0,Common Carder Bumble Bee
142163925,PaDi,CC BY-NC-ND 4.0,Western Honey Bee
142164445,PaDi,CC BY-NC-ND 4.0,Western Honey Bee
142164498,PaDi,CC BY-NC-ND 4.0,Western Honey Bee
142164588,PaDi,CC BY-NC-ND 4.0,Western Honey Bee
142164783,PaDi,CC BY-NC-ND 4.0,Buff-tailed Bumble Bee
142164932,PaDi,CC BY-NC-ND 4.0,Red-tailed Bumble Bee
142165032,PaDi,CC BY-NC-ND 4.0,Common Carder Bumble Bee
142171413,PaDi,CC BY-NC-ND 4.0,Western Honey Bee
142173384,PaDi,CC BY-NC-ND 4.0,Red-tailed Bumble Bee
142306488,PaDi,CC BY-NC-ND 4.0,Red Clover
142317160,PaDi,CC BY-NC-ND 4.0,Western Honey Bee
142317175,PaDi,CC BY-NC-ND 4.0,Western Honey Bee
142619945,PaDi,CC BY-NC-ND 4.0,Western Honey Bee
142853405,PaDi,CC BY-NC-ND 4.0,Western Honey Bee
143465763,PaDi,CC BY-NC-ND 4.0,Common Carder Bumble Bee
144686553,PaDi,CC BY-NC-ND 4.0,Western Honey Bee
145383074,PaDi,CC BY-NC-ND 4.0,Western Honey Bee
145383232,PaDi,CC BY-NC-ND 4.0,European Paper Wasp
145384109,PaDi,CC BY-NC-ND 4.0,Yellow-haired Sun Fly
145384262,PaDi,CC BY-NC-ND 4.0,Buff-tailed Bumble Bee
145384395,PaDi,CC BY-NC-ND 4.0,Western Honey Bee
145384760,PaDi,CC BY-NC-ND 4.0,European Paper Wasp
145384805,PaDi,CC BY-NC-ND 4.0,Variegated Masked Bee
145384958,PaDi,CC BY-NC-ND 4.0,European Paper Wasp
145407550,PaDi,CC BY-NC-ND 4.0,Great Banded Furrow Bee
145407844,PaDi,CC BY-NC-ND 4.0,Common Carder Bumble Bee
145408033,PaDi,CC BY-NC-ND 4.0,Buff-tailed Bumble Bee
145408372,PaDi,CC BY-NC-ND 4.0,Western Honey Bee
145409461,PaDi,CC BY-NC-ND 4.0,Buff-tailed Bumble Bee
145608521,PaDi,CC BY-NC-ND 4.0,Red Clover
145628241,PaDi,CC BY-NC-ND 4.0,Western Honey Bee
145650068,PaDi,CC BY-NC-ND 4.0,Buff-tailed Bumble Bee
145672399,PaDi,CC BY-NC-ND 4.0,Western Honey Bee
145673519,PaDi,CC BY-NC-ND 4.0,Western Honey Bee
145673853,PaDi,CC BY-NC-ND 4.0,Western Honey Bee
145675902,PaDi,CC BY-NC-ND 4.0,Western Honey Bee
146080625,PaDi,CC BY-NC-ND 4.0,Yellow-haired Sun Fly
146080776,PaDi,CC BY-NC-ND 4.0,Yellow-haired Sun Fly
146081097,PaDi,CC BY-NC-ND 4.0,Yellow-haired Sun Fly
146099076,PaDi,CC BY-NC-ND 4.0,Common Carder Bumble Bee
146099393,PaDi,CC BY-NC-ND 4.0,Yellow-haired Sun Fly
146382336,PaDi,CC BY-NC-ND 4.0,Western Honey Bee
146387726,PaDi,CC BY-NC-ND 4.0,Red Clover
146388671,PaDi,CC BY-NC-ND 4.0,Red Clover
146398093,PaDi,CC BY-NC-ND 4.0,Yellow-haired Sun Fly
146398132,PaDi,CC BY-NC-ND 4.0,Western Honey Bee
146398571,PaDi,CC BY-NC-ND 4.0,Golden Furrow Bee
146410560,PaDi,CC BY-NC-ND 4.0,European Paper Wasp
146561068,PaDi,CC BY-NC-ND 4.0,Yellow-haired Sun Fly
146561086,PaDi,CC BY-NC-ND 4.0,Yellow-haired Sun Fly
146561134,PaDi,CC BY-NC-ND 4.0,Variegated Masked Bee
146561144,PaDi,CC BY-NC-ND 4.0,Variegated Masked Bee
146561222,PaDi,CC BY-NC-ND 4.0,Variegated Masked Bee
149170745,allanduffy,CC BY-NC 4.0,Common Furrow Bee
149418954,PaDi,CC BY-NC-ND 4.0,European Woolcarder Bee
149421681,PaDi,CC BY-NC-ND 4.0,Common Carder Bumble Bee
149421966,PaDi,CC BY-NC-ND 4.0,European Paper Wasp
149665291,PaDi,CC BY-NC-ND 4.0,European Woolcarder Bee
150241394,PaDi,CC BY-NC-ND 4.0,Western Honey Bee
150241422,PaDi,CC BY-NC-ND 4.0,Yellow-haired Sun Fly
150440154,PaDi,CC BY-NC-ND 4.0,Common Carder Bumble Bee
153076616,PaDi,CC BY-NC-ND 4.0,Red-tailed Bumble Bee
153387239,ðŸŒ± Aaron Lincoln ðŸŒ±,CC BY-NC 4.0,Texas Nocturnal Sweat Bee
154514861,PaDi,CC BY-NC-ND 4.0,Yellow-haired Sun Fly
154514880,PaDi,CC BY-NC-ND 4.0,Red-tailed Bumble Bee
154519349,PaDi,CC BY-NC-ND 4.0,Western Honey Bee
154519409,PaDi,CC BY-NC-ND 4.0,Great Banded Furrow Bee
154551236,PaDi,CC BY-NC-ND 4.0,Shrill Carder-Bumble Bee
154551592,PaDi,CC BY-NC-ND 4.0,Shrill Carder-Bumble Bee
154551647,PaDi,CC BY-NC-ND 4.0,Common Furrow Bee
154551706,PaDi,CC BY-NC-ND 4.0,Shrill Carder-Bumble Bee
154712645,PaDi,CC BY-NC-ND 4.0,Red Clover
154761797,PaDi,CC BY-NC-ND 4.0,Western Honey Bee
154761858,PaDi,CC BY-NC-ND 4.0,Western Honey Bee
154761990,PaDi,CC BY-NC-ND 4.0,Yellow-haired Sun Fly
154762147,PaDi,CC BY-NC-ND 4.0,Yellow-haired Sun Fly
154762217,PaDi,CC BY-NC-ND 4.0,Western Honey Bee
154762249,PaDi,CC BY-NC-ND 4.0,Great Banded Furrow Bee
154762534,PaDi,CC BY-NC-ND 4.0,Great Banded Furrow Bee
154762739,PaDi,CC BY-NC-ND 4.0,Western Honey Bee
154762781,PaDi,CC BY-NC-ND 4.0,Yellow-haired Sun Fly
154954780,PaDi,CC BY-NC-ND 4.0,Western Honey Bee
154954913,PaDi,CC BY-NC-ND 4.0,Western Honey Bee
155094729,PaDi,CC BY-NC-ND 4.0,Yellow-haired Sun Fly
155094760,PaDi,CC BY-NC-ND 4.0,European Paper Wasp
155095110,PaDi,CC BY-NC-ND 4.0,Common Carder Bumble Bee
155095169,PaDi,CC BY-NC-ND 4.0,Common Carder Bumble Bee
155096518,PaDi,CC BY-NC-ND 4.0,Common Furrow Bee
155339339,PaDi,CC BY-NC-ND 4.0,Great Banded Furrow Bee
155339578,PaDi,CC BY-NC-ND 4.0,Yellow-haired Sun Fly
155339611,PaDi,CC BY-NC-ND 4.0,Yellow-haired Sun Fly
155339639,PaDi,CC BY-NC-ND 4.0,Common Carder Bumble Bee
155339652,PaDi,CC BY-NC-ND 4.0,Common Carder Bumble Bee
155339710,PaDi,CC BY-NC-ND 4.0,Yellow-haired Sun Fly
155339763,PaDi,CC BY-NC-ND 4.0,Common Carder Bumble Bee
155339841,PaDi,CC BY-NC-ND 4.0,Great Banded Furrow Bee
155339865,PaDi,CC BY-NC-ND 4.0,Great Banded Furrow Bee
155578721,PaDi,CC BY-NC-ND 4.0,Common Carder Bumble Bee
155578739,PaDi,CC BY-NC-ND 4.0,Shrill Carder-Bumble Bee
155578787,PaDi,CC BY-NC-ND 4.0,Western Honey Bee
155888165,PaDi,CC BY-NC-ND 4.0,European Paper Wasp
155888637,PaDi,CC BY-NC-ND 4.0,Yellow-haired Sun Fly
155889012,PaDi,CC BY-NC-ND 4.0,Great Banded Furrow Bee
155889052,PaDi,CC BY-NC-ND 4.0,European Paper Wasp
155889073,PaDi,CC BY-NC-ND 4.0,Great Banded Furrow Bee
155889626,PaDi,CC BY-NC-ND 4.0,Common Carder Bumble Bee
155889827,PaDi,CC BY-NC-ND 4.0,Western Honey Bee
155889836,PaDi,CC BY-NC-ND 4.0,Common Furrow Bee
155889994,PaDi,CC BY-NC-ND 4.0,Western Honey Bee
156143938,PaDi,CC BY-NC-ND 4.0,Great Banded Furrow Bee
156144276,PaDi,CC BY-NC-ND 4.0,Great Banded Furrow Bee
156144650,PaDi,CC BY-NC-ND 4.0,Western Honey Bee
156145272,PaDi,CC BY-NC-ND 4.0,Great Banded Furrow Bee
156145333,PaDi,CC BY-NC-ND 4.0,Great Banded Furrow Bee
156145415,PaDi,CC BY-NC-ND 4.0,Western Honey Bee
156145581,PaDi,CC BY-NC-ND 4.0,Great Banded Furrow Bee
156145627,PaDi,CC BY-NC-ND 4.0,Great Banded Furrow Bee
156145670,PaDi,CC BY-NC-ND 4.0,Western Honey Bee
156145833,PaDi,CC BY-NC-ND 4.0,Great Banded Furrow Bee
156146020,PaDi,CC BY-NC-ND 4.0,Great Banded Furrow Bee
156146523,PaDi,CC BY-NC-ND 4.0,Great Banded Furrow Bee
156146573,PaDi,CC BY-NC-ND 4.0,Great Banded Furrow Bee
156146595,PaDi,CC BY-NC-ND 4.0,Western Honey Bee
156288631,PaDi,CC BY-NC-ND 4.0,German Yellowjacket
156452280,PaDi,CC BY-NC-ND 4.0,European Paper Wasp
156452371,PaDi,CC BY-NC-ND 4.0,Great Banded Furrow Bee
156452534,PaDi,CC BY-NC-ND 4.0,Shrill Carder-Bumble Bee
156946855,PaDi,CC BY-NC-ND 4.0,Shrill Carder-Bumble Bee
156947235,PaDi,CC BY-NC-ND 4.0,European Paper Wasp
156947515,PaDi,CC BY-NC-ND 4.0,Common Carder Bumble Bee
157510038,PaDi,CC BY-NC-ND 4.0,Great Banded Furrow Bee
157510436,PaDi,CC BY-NC-ND 4.0,Common Carder Bumble Bee
157510479,PaDi,CC BY-NC-ND 4.0,Great Banded Furrow Bee
157510502,PaDi,CC BY-NC-ND 4.0,Great Banded Furrow Bee
158467517,Andreas Bennetsen Boe,CC BY-NC-ND 4.0,Common Furrow Bee
158971846,PaDi,CC BY-NC-ND 4.0,Red-tailed Bumble Bee
159651247,PaDi,CC BY-NC-ND 4.0,Common Carder Bumble Bee
159791598,PaDi,CC BY-NC-ND 4.0,German Yellowjacket
159808728,PaDi,CC BY-NC-ND 4.0,Great Banded Furrow Bee
159808754,PaDi,CC BY-NC-ND 4.0,Great Banded Furrow Bee
160448432,PaDi,CC BY-NC-ND 4.0,Common Carder Bumble Bee
160640646,PaDi,CC BY-NC-ND 4.0,Western Honey Bee
160877899,PaDi,CC BY-NC-ND 4.0,Western Honey Bee
160877952,PaDi,CC BY-NC-ND 4.0,Common Carder Bumble Bee
161825807,Michelle Orcutt,CC BY 4.0,Zephyr Sweat Bee
162600469,Michelle Orcutt,CC BY 4.0,Zephyr Sweat Bee
162627712,PaDi,CC BY-NC-ND 4.0,Yellow-haired Sun Fly
171645050,PaDi,CC BY-NC-ND 4.0,Red-tailed Bumble Bee
171645084,PaDi,CC BY-NC-ND 4.0,Red-tailed Bumble Bee
171645151,PaDi,CC BY-NC-ND 4.0,Great Banded Furrow Bee
171645161,PaDi,CC BY-NC-ND 4.0,Red-tailed Bumble Bee
171645347,PaDi,CC BY-NC-ND 4.0,Western Honey Bee
171645616,PaDi,CC BY-NC-ND 4.0,Buff-tailed Bumble Bee
171645680,PaDi,CC BY-NC-ND 4.0,Great Banded Furrow Bee
171645758,PaDi,CC BY-NC-ND 4.0,Buff-tailed Bumble Bee
171645785,PaDi,CC BY-NC-ND 4.0,Red-tailed Bumble Bee
171645823,PaDi,CC BY-NC-ND 4.0,Buff-tailed Bumble Bee
171645847,PaDi,CC BY-NC-ND 4.0,Buff-tailed Bumble Bee
171645876,PaDi,CC BY-NC-ND 4.0,Red-tailed Bumble Bee
171645906,PaDi,CC BY-NC-ND 4.0,Red-tailed Bumble Bee
171645917,PaDi,CC BY-NC-ND 4.0,Red-tailed Bumble Bee
171645980,PaDi,CC BY-NC-ND 4.0,Buff-tailed Bumble Bee
171875650,PaDi,CC BY-NC-ND 4.0,Variegated Masked Bee
171881936,PaDi,CC BY-NC-ND 4.0,Western Honey Bee
171882148,PaDi,CC BY-NC-ND 4.0,Variegated Masked Bee
172419674,PaDi,CC BY-NC-ND 4.0,Great Banded Furrow Bee
172419967,PaDi,CC BY-NC-ND 4.0,European Paper Wasp
172420019,PaDi,CC BY-NC-ND 4.0,Western Honey Bee
172494530,PaDi,CC BY-NC-ND 4.0,Variegated Masked Bee
172494947,PaDi,CC BY-NC-ND 4.0,Great Banded Furrow Bee
172500104,PaDi,CC BY-NC-ND 4.0,Western Honey Bee
172585370,PaDi,CC BY-NC-ND 4.0,Red-tailed Bumble Bee
172585552,PaDi,CC BY-NC-ND 4.0,Western Honey Bee
172866099,PaDi,CC BY-NC-ND 4.0,Red-tailed Bumble Bee
172866183,PaDi,CC BY-NC-ND 4.0,Red-tailed Bumble Bee
172866185,PaDi,CC BY-NC-ND 4.0,Red-tailed Bumble Bee
172866207,PaDi,CC BY-NC-ND 4.0,Red-tailed Bumble Bee
172866238,PaDi,CC BY-NC-ND 4.0,Great Banded Furrow Bee
172908176,PaDi,CC BY-NC-ND 4.0,Western Honey Bee
172908620,PaDi,CC BY-NC-ND 4.0,Great Banded Furrow Bee
172908662,PaDi,CC BY-NC-ND 4.0,Western Honey Bee
172908677,PaDi,CC BY-NC-ND 4.0,Western Honey Bee
172912584,PaDi,CC BY-NC-ND 4.0,Oblong Woolcarder Bee
177267959,PaDi,CC BY-NC-ND 4.0,European Paper Wasp
177268035,PaDi,CC BY-NC-ND 4.0,Western Honey Bee
177268252,PaDi,CC BY-NC-ND 4.0,Western Honey Bee
177268260,PaDi,CC BY-NC-ND 4.0,Great Banded Furrow Bee
177274933,PaDi,CC BY-NC-ND 4.0,Common Carder Bumble Bee
177275098,PaDi,CC BY-NC-ND 4.0,Yellow-haired Sun Fly
177275123,PaDi,CC BY-NC-ND 4.0,Red-tailed Bumble Bee
177275160,PaDi,CC BY-NC-ND 4.0,Buff-tailed Bumble Bee
177470445,PaDi,CC BY-NC-ND 4.0,Western Honey Bee
177470464,PaDi,CC BY-NC-ND 4.0,Western Honey Bee
177470591,PaDi,CC BY-NC-ND 4.0,Red-tailed Bumble Bee
177470615,PaDi,CC BY-NC-ND 4.0,Red-tailed Bumble Bee
177470715,PaDi,CC BY-NC-ND 4.0,Western Honey Bee
177470728,PaDi,CC BY-NC-ND 4.0,Western Honey Bee
177470753,PaDi,CC BY-NC-ND 4.0,Red-tailed Bumble Bee
177470840,PaDi,CC BY-NC-ND 4.0,Western Honey Bee
177470940,PaDi,CC BY-NC-ND 4.0,Western Honey Bee
177470963,PaDi,CC BY-NC-ND 4.0,Red-tailed Bumble Bee
177471009,PaDi,CC BY-NC-ND 4.0,Red-tailed Bumble Bee
177471047,PaDi,CC BY-NC-ND 4.0,Western Honey Bee
177471145,PaDi,CC BY-NC-ND 4.0,Western Honey Bee
177471162,PaDi,CC BY-NC-ND 4.0,Red-tailed Bumble Bee
177471683,PaDi,CC BY-NC-ND 4.0,Western Honey Bee
177471939,PaDi,CC BY-NC-ND 4.0,Red-tailed Bumble Bee
177471976,PaDi,CC BY-NC-ND 4.0,Buff-tailed Bumble Bee
177472270,PaDi,CC BY-NC-ND 4.0,Common Carder Bumble Bee
177473540,PaDi,CC BY-NC-ND 4.0,Common Carder Bumble Bee
177478858,PaDi,CC BY-NC-ND 4.0,Variegated Masked Bee
177533419,PaDi,CC BY-NC-ND 4.0,Yellow-haired Sun Fly
177533516,PaDi,CC BY-NC-ND 4.0,Western Honey Bee
177533545,PaDi,CC BY-NC-ND 4.0,Great Banded Furrow Bee
177533598,PaDi,CC BY-NC-ND 4.0,Common Carder Bumble Bee
177779018,PaDi,CC BY-NC-ND 4.0,Great Banded Furrow Bee
177789606,PaDi,CC BY-NC-ND 4.0,European Paper Wasp
177789634,PaDi,CC BY-NC-ND 4.0,Great Banded Furrow Bee
178040074,PaDi,CC BY-NC-ND 4.0,Yellow-haired Sun Fly
178040158,PaDi,CC BY-NC-ND 4.0,Great Banded Furrow Bee
178666727,PaDi,CC BY-NC-ND 4.0,Western Honey Bee
178666746,PaDi,CC BY-NC-ND 4.0,Western Honey Bee
178666766,PaDi,CC BY-NC-ND 4.0,Great Banded Furrow Bee
179254346,PaDi,CC BY-NC-ND 4.0,Western Honey Bee
179315185,PaDi,CC BY-NC-ND 4.0,Great Banded Furrow Bee
179315774,PaDi,CC BY-NC-ND 4.0,Great Banded Furrow Bee
179315907,PaDi,CC BY-NC-ND 4.0,Western Honey Bee
179315992,PaDi,CC BY-NC-ND 4.0,Western Honey Bee
179316014,PaDi,CC BY-NC-ND 4.0,Western Honey Bee
179316036,PaDi,CC BY-NC-ND 4.0,Western Honey Bee
179316113,PaDi,CC BY-NC-ND 4.0,Great Banded Furrow Bee
179316189,PaDi,CC BY-NC-ND 4.0,Western Honey Bee
179316612,PaDi,CC BY-NC-ND 4.0,Western Honey Bee
179316634,PaDi,CC BY-NC-ND 4.0,Great Banded Furrow Bee
179316667,PaDi,CC BY-NC-ND 4.0,Great Banded Furrow Bee
179357379,PaDi,CC BY-NC-ND 4.0,Common European Yellowjacket
184331147,PaDi,CC BY-NC-ND 4.0,European Orchard Bee
184513678,PaDi,CC BY-NC-ND 4.0,Western Honey Bee
184513939,PaDi,CC BY-NC-ND 4.0,European Paper Wasp
185061308,PaDi,CC BY-NC-ND 4.0,European Orchard Bee
187262195,PaDi,CC BY-NC-ND 4.0,Western Honey Bee
187270429,PaDi,CC BY-NC-ND 4.0,Western Honey Bee
187270525,PaDi,CC BY-NC-ND 4.0,Western Honey Bee
187270545,PaDi,CC BY-NC-ND 4.0,Western Honey Bee
187272056,PaDi,CC BY-NC-ND 4.0,Western Honey Bee
187272066,PaDi,CC BY-NC-ND 4.0,Western Honey Bee
187490171,PaDi,CC BY-NC-ND 4.0,Red Mason Bee
187490303,PaDi,CC BY-NC-ND 4.0,Red Mason Bee
187490313,PaDi,CC BY-NC-ND 4.0,Red Mason Bee
187490324,PaDi,CC BY-NC-ND 4.0,Red Mason Bee
187490363,PaDi,CC BY-NC-ND 4.0,Red Mason Bee
187490379,PaDi,CC BY-NC-ND 4.0,Red Mason Bee
187490472,PaDi,CC BY-NC-ND 4.0,Western Honey Bee
187490840,PaDi,CC BY-NC-ND 4.0,Western Honey Bee
187737171,PaDi,CC BY-NC-ND 4.0,Red Mason Bee
187737226,PaDi,CC BY-NC-ND 4.0,Red Mason Bee
187737662,PaDi,CC BY-NC-ND 4.0,Red Mason Bee
187737709,PaDi,CC BY-NC-ND 4.0,Red Mason Bee
187737762,PaDi,CC BY-NC-ND 4.0,Red Mason Bee
187738194,PaDi,CC BY-NC-ND 4.0,Red Mason Bee
187738214,PaDi,CC BY-NC-ND 4.0,Red Mason Bee
187739101,PaDi,CC BY-NC-ND 4.0,Western Honey Bee
187739179,PaDi,CC BY-NC-ND 4.0,Yellow-haired Sun Fly
187739463,PaDi,CC BY-NC-ND 4.0,Western Honey Bee
187739878,PaDi,CC BY-NC-ND 4.0,Western Honey Bee
188093915,PaDi,CC BY-NC-ND 4.0,Red Clover
188102228,PaDi,CC BY-NC-ND 4.0,Western Honey Bee
188102287,PaDi,CC BY-NC-ND 4.0,European Paper Wasp
188102448,PaDi,CC BY-NC-ND 4.0,Western Honey Bee
188102684,PaDi,CC BY-NC-ND 4.0,Red Mason Bee
188102814,PaDi,CC BY-NC-ND 4.0,Red Mason Bee
188102848,PaDi,CC BY-NC-ND 4.0,Red Mason Bee
188102855,PaDi,CC BY-NC-ND 4.0,European Orchard Bee
188271168,PaDi,CC BY-NC-ND 4.0,European Paper Wasp
190018154,PaDi,CC BY-NC-ND 4.0,European Orchard Bee
191122313,PaDi,CC BY-NC-ND 4.0,European Paper Wasp
191122513,PaDi,CC BY-NC-ND 4.0,European Orchard Bee
191308197,PaDi,CC BY-NC-ND 4.0,European Paper Wasp
191308518,PaDi,CC BY-NC-ND 4.0,Red Mason Bee
191308612,PaDi,CC BY-NC-ND 4.0,Western Honey Bee
191308693,PaDi,CC BY-NC-ND 4.0,Western Honey Bee
193764432,PaDi,CC BY-NC-ND 4.0,German Yellowjacket
193764625,PaDi,CC BY-NC-ND 4.0,Red Mason Bee
194720713,PaDi,CC BY-NC-ND 4.0,Red Mason Bee
194862293,kenttrulsson,CC BY-NC 4.0,Texas Nocturnal Sweat Bee
195916544,PaDi,CC BY-NC-ND 4.0,Red Clover
195925125,PaDi,CC BY-NC-ND 4.0,European Paper Wasp
195927264,PaDi,CC BY-NC-ND 4.0,Western Honey Bee
196548087,PaDi,CC BY-NC-ND 4.0,Great Banded Furrow Bee
196968742,PaDi,CC BY-NC-ND 4.0,Red Mason Bee
198012098,Max McCarthy,CC BY-NC 4.0,Zephyr Sweat Bee
198156083,PaDi,CC BY-NC-ND 4.0,Red-tailed Bumble Bee
198638875,PaDi,CC BY-NC-ND 4.0,Western Honey Bee
198639153,PaDi,CC BY-NC-ND 4.0,Western Honey Bee
198913519,PaDi,CC BY-NC-ND 4.0,Red Mason Bee
198914000,PaDi,CC BY-NC-ND 4.0,Western Honey Bee
199112305,PaDi,CC BY-NC-ND 4.0,Western Honey Bee
199113276,PaDi,CC BY-NC-ND 4.0,Great Banded Furrow Bee
199113349,PaDi,CC BY-NC-ND 4.0,Great Banded Furrow Bee
199113441,PaDi,CC BY-NC-ND 4.0,Great Banded Furrow Bee
199113825,PaDi,CC BY-NC-ND 4.0,Great Banded Furrow Bee
199114008,PaDi,CC BY-NC-ND 4.0,Great Banded Furrow Bee
199114033,PaDi,CC BY-NC-ND 4.0,Great Banded Furrow Bee
199114071,PaDi,CC BY-NC-ND 4.0,Western Honey Bee
199114339,PaDi,CC BY-NC-ND 4.0,Great Banded Furrow Bee
199114376,PaDi,CC BY-NC-ND 4.0,Great Banded Furrow Bee
199114589,PaDi,CC BY-NC-ND 4.0,Western Honey Bee
199115884,PaDi,CC BY-NC-ND 4.0,Western Honey Bee
199307782,PaDi,CC BY-NC-ND 4.0,Western Honey Bee
199308148,PaDi,CC BY-NC-ND 4.0,Western Honey Bee
199309702,PaDi,CC BY-NC-ND 4.0,Western Honey Bee
199310864,PaDi,CC BY-NC-ND 4.0,Red-tailed Bumble Bee
199311305,PaDi,CC BY-NC-ND 4.0,Red-tailed Bumble Bee
199622140,PaDi,CC BY-NC-ND 4.0,Western Honey Bee
199622488,PaDi,CC BY-NC-ND 4.0,Western Honey Bee
199623634,PaDi,CC BY-NC-ND 4.0,Great Banded Furrow Bee
201532797,PaDi,CC BY-NC-ND 4.0,Red-tailed Bumble Bee
201535553,PaDi,CC BY-NC-ND 4.0,Common Carder Bumble Bee
201535827,PaDi,CC BY-NC-ND 4.0,Western Honey Bee
201535849,PaDi,CC BY-NC-ND 4.0,Western Honey Bee
201905645,PaDi,CC BY-NC-ND 4.0,Red-tailed Bumble Bee
202226263,PaDi,CC BY-NC-ND 4.0,Great Banded Furrow Bee
20319728,Gene,CC BY-NC 4.0,Hairy Sweat Bee
205484893,PaDi,CC BY-NC-ND 4.0,Red-tailed Bumble Bee
205484982,PaDi,CC BY-NC-ND 4.0,European Paper Wasp
205485785,PaDi,CC BY-NC-ND 4.0,Western Honey Bee
205487458,PaDi,CC BY-NC-ND 4.0,Common Carder Bumble Bee
205487872,PaDi,CC BY-NC-ND 4.0,Western Honey Bee
205816446,PaDi,CC BY-NC-ND 4.0,Western Honey Bee
205816637,PaDi,CC BY-NC-ND 4.0,European Paper Wasp
205817278,PaDi,CC BY-NC-ND 4.0,Western Honey Bee
205818037,PaDi,CC BY-NC-ND 4.0,European Woolcarder Bee
206295995,PaDi,CC BY-NC-ND 4.0,Red Clover
206298607,PaDi,CC BY-NC-ND 4.0,Vestal Cuckoo Bumble Bee
206298881,PaDi,CC BY-NC-ND 4.0,Great Banded Furrow Bee
206299115,PaDi,CC BY-NC-ND 4.0,Shrill Carder-Bumble Bee
206301148,PaDi,CC BY-NC-ND 4.0,Vestal Cuckoo Bumble Bee
206307130,PaDi,CC BY-NC-ND 4.0,Western Honey Bee
206307208,PaDi,CC BY-NC-ND 4.0,Western Honey Bee
206307605,PaDi,CC BY-NC-ND 4.0,Western Honey Bee
206307862,PaDi,CC BY-NC-ND 4.0,Western Honey Bee
206308195,PaDi,CC BY-NC-ND 4.0,Western Honey Bee
206308449,PaDi,CC BY-NC-ND 4.0,European Woolcarder Bee
206310826,PaDi,CC BY-NC-ND 4.0,European Woolcarder Bee
207489103,PaDi,CC BY-NC-ND 4.0,Western Honey Bee
207489524,PaDi,CC BY-NC-ND 4.0,Western Honey Bee
207742364,PaDi,CC BY-NC-ND 4.0,Western Honey Bee
207743651,PaDi,CC BY-NC-ND 4.0,Western Honey Bee
208087268,PaDi,CC BY-NC-ND 4.0,Great Banded Furrow Bee
208087516,PaDi,CC BY-NC-ND 4.0,Great Banded Furrow Bee
208087593,PaDi,CC BY-NC-ND 4.0,Great Banded Furrow Bee
208087608,PaDi,CC BY-NC-ND 4.0,Great Banded Furrow Bee
208087681,PaDi,CC BY-NC-ND 4.0,Western Honey Bee
208088976,PaDi,CC BY-NC-ND 4.0,Vestal Cuckoo Bumble Bee
208098708,PaDi,CC BY-NC-ND 4.0,Red-tailed Bumble Bee
208099286,PaDi,CC BY-NC-ND 4.0,European Woolcarder Bee
208269873,PaDi,CC BY-NC-ND 4.0,Red-tailed Bumble Bee
208277966,PaDi,CC BY-NC-ND 4.0,Great Banded Furrow Bee
208278082,PaDi,CC BY-NC-ND 4.0,Great Banded Furrow Bee
208278197,PaDi,CC BY-NC-ND 4.0,Great Banded Furrow Bee
210169723,PaDi,CC BY-NC-ND 4.0,Western Honey Bee
210169850,PaDi,CC BY-NC-ND 4.0,Great Banded Furrow Bee
210172468,PaDi,CC BY-NC-ND 4.0,Variegated Masked Bee
210174780,PaDi,CC BY-NC-ND 4.0,Western Honey Bee
210175450,PaDi,CC BY-NC-ND 4.0,Common European Yellowjacket
210175676,PaDi,CC BY-NC-ND 4.0,Red-tailed Bumble Bee
210175784,PaDi,CC BY-NC-ND 4.0,Red-tailed Bumble Bee
211282183,PaDi,CC BY-NC-ND 4.0,Variegated Masked Bee
211282231,PaDi,CC BY-NC-ND 4.0,Red-tailed Bumble Bee
211282722,PaDi,CC BY-NC-ND 4.0,Red-tailed Bumble Bee
211283057,PaDi,CC BY-NC-ND 4.0,German Yellowjacket
211284515,PaDi,CC BY-NC-ND 4.0,Red-tailed Bumble Bee
211284985,PaDi,CC BY-NC-ND 4.0,Western Honey Bee
211285019,PaDi,CC BY-NC-ND 4.0,Red-tailed Bumble Bee
211285593,PaDi,CC BY-NC-ND 4.0,Common Carder Bumble Bee
211285864,PaDi,CC BY-NC-ND 4.0,Western Honey Bee
211285950,PaDi,CC BY-NC-ND 4.0,Red-tailed Bumble Bee
211286183,PaDi,CC BY-NC-ND 4.0,Western Honey Bee
211286561,PaDi,CC BY-NC-ND 4.0,Western Honey Bee
211286925,PaDi,CC BY-NC-ND 4.0,Red-tailed Bumble Bee
211532312,PaDi,CC BY-NC-ND 4.0,Western Honey Bee
211534354,PaDi,CC BY-NC-ND 4.0,Yellow-haired Sun Fly
211779841,PaDi,CC BY-NC-ND 4.0,European Paper Wasp
211781091,PaDi,CC BY-NC-ND 4.0,Red-tailed Bumble Bee
211781131,PaDi,CC BY-NC-ND 4.0,Red-tailed Bumble Bee
211781838,PaDi,CC BY-NC-ND 4.0,Western Honey Bee
211782053,PaDi,CC BY-NC-ND 4.0,Great Banded Furrow Bee
211782796,PaDi,CC BY-NC-ND 4.0,Red-tailed Bumble Bee
211783004,PaDi,CC BY-NC-ND 4.0,European Paper Wasp
211783356,PaDi,CC BY-NC-ND 4.0,European Paper Wasp
212015715,PaDi,CC BY-NC-ND 4.0,Red-tailed Bumble Bee
212041129,PaDi,CC BY-NC-ND 4.0,Common Carder Bumble Bee
212041786,PaDi,CC BY-NC-ND 4.0,Western Honey Bee
212042094,PaDi,CC BY-NC-ND 4.0,Yellow-haired Sun Fly
212042295,PaDi,CC BY-NC-ND 4.0,Yellow-haired Sun Fly
212042438,PaDi,CC BY-NC-ND 4.0,Western Honey Bee
212043552,PaDi,CC BY-NC-ND 4.0,Great Banded Furrow Bee
212043652,PaDi,CC BY-NC-ND 4.0,Great Banded Furrow Bee
212044701,PaDi,CC BY-NC-ND 4.0,Western Honey Bee
212044780,PaDi,CC BY-NC-ND 4.0,Western Honey Bee
212045738,PaDi,CC BY-NC-ND 4.0,Red-tailed Bumble Bee
212046201,PaDi,CC BY-NC-ND 4.0,Yellow-haired Sun Fly
212046379,PaDi,CC BY-NC-ND 4.0,Yellow-haired Sun Fly
212046512,PaDi,CC BY-NC-ND 4.0,European Paper Wasp
212046620,PaDi,CC BY-NC-ND 4.0,Great Banded Furrow Bee
212047980,PaDi,CC BY-NC-ND 4.0,European Paper Wasp
212048359,PaDi,CC BY-NC-ND 4.0,Common European Yellowjacket
212048928,PaDi,CC BY-NC-ND 4.0,Great Banded Furrow Bee
212049384,PaDi,CC BY-NC-ND 4.0,Common Carder Bumble Bee
212049481,PaDi,CC BY-NC-ND 4.0,Common Carder Bumble Bee
212275661,PaDi,CC BY-NC-ND 4.0,Common European Yellowjacket
212276150,PaDi,CC BY-NC-ND 4.0,Variegated Masked Bee
212276859,PaDi,CC BY-NC-ND 4.0,Shrill Carder-Bumble Bee
212278041,PaDi,CC BY-NC-ND 4.0,Shrill Carder-Bumble Bee
212490674,Michelle Orcutt,CC BY 4.0,Zephyr Sweat Bee
212524739,PaDi,CC BY-NC-ND 4.0,Western Honey Bee
212524817,PaDi,CC BY-NC-ND 4.0,European Paper Wasp
212525230,PaDi,CC BY-NC-ND 4.0,Yellow-haired Sun Fly
212525707,PaDi,CC BY-NC-ND 4.0,European Paper Wasp
212526027,PaDi,CC BY-NC-ND 4.0,European Paper Wasp
212526196,PaDi,CC BY-NC-ND 4.0,Red-tailed Bumble Bee
212526443,PaDi,CC BY-NC-ND 4.0,Great Banded Furrow Bee
212527050,PaDi,CC BY-NC-ND 4.0,Red-tailed Bumble Bee
212729591,PaDi,CC BY-NC-ND 4.0,Yellow-haired Sun Fly
212734271,PaDi,CC BY-NC-ND 4.0,Great Banded Furrow Bee
212734576,PaDi,CC BY-NC-ND 4.0,Common Carder Bumble Bee
212742662,PaDi,CC BY-NC-ND 4.0,European Paper Wasp
212743087,PaDi,CC BY-NC-ND 4.0,Yellow-haired Sun Fly
212776632,PaDi,CC BY-NC-ND 4.0,Red-tailed Bumble Bee
212777179,PaDi,CC BY-NC-ND 4.0,Yellow-haired Sun Fly
212798261,PaDi,CC BY-NC-ND 4.0,Western Honey Bee
212798310,PaDi,CC BY-NC-ND 4.0,Shrill Carder-Bumble Bee
212798485,PaDi,CC BY-NC-ND 4.0,Western Honey Bee
212798932,PaDi,CC BY-NC-ND 4.0,Shrill Carder-Bumble Bee
212799122,PaDi,CC BY-NC-ND 4.0,Red-tailed Bumble Bee
212799514,PaDi,CC BY-NC-ND 4.0,Red-tailed Bumble Bee
212799819,PaDi,CC BY-NC-ND 4.0,Red-tailed Bumble Bee
212800041,PaDi,CC BY-NC-ND 4.0,Red-tailed Bumble Bee
212824491,PaDi,CC BY-NC-ND 4.0,European Paper Wasp
212825050,PaDi,CC BY-NC-ND 4.0,Red-tailed Bumble Bee
212825224,PaDi,CC BY-NC-ND 4.0,Golden Furrow Bee
212825646,PaDi,CC BY-NC-ND 4.0,Buff-tailed Bumble Bee
212826048,PaDi,CC BY-NC-ND 4.0,Red-tailed Bumble Bee
212826983,PaDi,CC BY-NC-ND 4.0,Yellow-haired Sun Fly
212827230,PaDi,CC BY-NC-ND 4.0,German Yellowjacket
212827435,PaDi,CC BY-NC-ND 4.0,Red-tailed Bumble Bee
212827646,PaDi,CC BY-NC-ND 4.0,European Paper Wasp
212827787,PaDi,CC BY-NC-ND 4.0,Western Honey Bee
212964618,PaDi,CC BY-NC-ND 4.0,Golden Furrow Bee
212964708,PaDi,CC BY-NC-ND 4.0,Variegated Masked Bee
212964763,PaDi,CC BY-NC-ND 4.0,Yellow-haired Sun Fly
213030476,PaDi,CC BY-NC-ND 4.0,European Paper Wasp
213030634,PaDi,CC BY-NC-ND 4.0,European Paper Wasp
213035848,PaDi,CC BY-NC-ND 4.0,Red-tailed Bumble Bee
213036043,PaDi,CC BY-NC-ND 4.0,Yellow-haired Sun Fly
213039250,PaDi,CC BY-NC-ND 4.0,Great Banded Furrow Bee
213039389,PaDi,CC BY-NC-ND 4.0,Common European Yellowjacket
213039805,PaDi,CC BY-NC-ND 4.0,Common Carder Bumble Bee
213047548,PaDi,CC BY-NC-ND 4.0,Common Carder Bumble Bee
213049209,PaDi,CC BY-NC-ND 4.0,Red-tailed Bumble Bee
213049425,PaDi,CC BY-NC-ND 4.0,Common Carder Bumble Bee
213059815,PaDi,CC BY-NC-ND 4.0,European Paper Wasp
213061816,PaDi,CC BY-NC-ND 4.0,Western Honey Bee
213061970,PaDi,CC BY-NC-ND 4.0,Common European Yellowjacket
213062460,PaDi,CC BY-NC-ND 4.0,Common Carder Bumble Bee
213064291,drorf,CC BY-NC 4.0,
213369949,PaDi,CC BY-NC-ND 4.0,Golden Furrow Bee
213370253,PaDi,CC BY-NC-ND 4.0,Yellow-haired Sun Fly
213370415,PaDi,CC BY-NC-ND 4.0,Common European Yellowjacket
213370448,PaDi,CC BY-NC-ND 4.0,Western Honey Bee
213370621,PaDi,CC BY-NC-ND 4.0,European Paper Wasp
213370878,PaDi,CC BY-NC-ND 4.0,Western Honey Bee
213370952,PaDi,CC BY-NC-ND 4.0,Yellow-haired Sun Fly
213370998,PaDi,CC BY-NC-ND 4.0,Common European Yellowjacket
213371092,PaDi,CC BY-NC-ND 4.0,Yellow-haired Sun Fly
213371446,PaDi,CC BY-NC-ND 4.0,Red-tailed Bumble Bee
213371524,PaDi,CC BY-NC-ND 4.0,Red-tailed Bumble Bee
213378414,PaDi,CC BY-NC-ND 4.0,Yellow-haired Sun Fly
213378504,PaDi,CC BY-NC-ND 4.0,Common European Yellowjacket
213641305,PaDi,CC BY-NC-ND 4.0,Yellow-haired Sun Fly
213641403,PaDi,CC BY-NC-ND 4.0,European Paper Wasp
213641658,PaDi,CC BY-NC-ND 4.0,Western Honey Bee
213641678,PaDi,CC BY-NC-ND 4.0,European Paper Wasp
213641994,PaDi,CC BY-NC-ND 4.0,European Paper Wasp
213642728,PaDi,CC BY-NC-ND 4.0,European Paper Wasp
213645283,PaDi,CC BY-NC-ND 4.0,Common European Yellowjacket
213889705,PaDi,CC BY-NC-ND 4.0,Red Clover
215149869,PaDi,CC BY-NC-ND 4.0,Common Carder Bumble Bee
215149892,PaDi,CC BY-NC-ND 4.0,Red Clover
215150016,PaDi,CC BY-NC-ND 4.0,Common Carder Bumble Bee
215240805,PaDi,CC BY-NC-ND 4.0,Western Honey Bee
215240933,PaDi,CC BY-NC-ND 4.0,Great Banded Furrow Bee
215241060,PaDi,CC BY-NC-ND 4.0,Great Banded Furrow Bee
215241124,PaDi,CC BY-NC-ND 4.0,Great Banded Furrow Bee
215241859,PaDi,CC BY-NC-ND 4.0,European Woolcarder Bee
215241913,PaDi,CC BY-NC-ND 4.0,European Woolcarder Bee
215241976,PaDi,CC BY-NC-ND 4.0,European Woolcarder Bee
215242123,PaDi,CC BY-NC-ND 4.0,European Woolcarder Bee
215242244,PaDi,CC BY-NC-ND 4.0,European Woolcarder Bee
215243196,PaDi,CC BY-NC-ND 4.0,European Paper Wasp
215243386,PaDi,CC BY-NC-ND 4.0,Shrill Carder-Bumble Bee
215243717,PaDi,CC BY-NC-ND 4.0,Western Honey Bee
215244082,PaDi,CC BY-NC-ND 4.0,European Paper Wasp
215490247,PaDi,CC BY-NC-ND 4.0,Western Honey Bee
215490760,PaDi,CC BY-NC-ND 4.0,European Paper Wasp
215490850,PaDi,CC BY-NC-ND 4.0,Western Honey Bee
215490886,PaDi,CC BY-NC-ND 4.0,Western Honey Bee
215490936,PaDi,CC BY-NC-ND 4.0,Western Honey Bee
215491052,PaDi,CC BY-NC-ND 4.0,Western Honey Bee
215491058,PaDi,CC BY-NC-ND 4.0,Western Honey Bee
215725994,PaDi,CC BY-NC-ND 4.0,European Paper Wasp
215733759,PaDi,CC BY-NC-ND 4.0,Common European Yellowjacket
215733922,PaDi,CC BY-NC-ND 4.0,Shrill Carder-Bumble Bee
215734082,PaDi,CC BY-NC-ND 4.0,European Paper Wasp
215735652,PaDi,CC BY-NC-ND 4.0,Western Honey Bee
215735718,PaDi,CC BY-NC-ND 4.0,European Woolcarder Bee
216000352,PaDi,CC BY-NC-ND 4.0,European Woolcarder Bee
216000478,PaDi,CC BY-NC-ND 4.0,European Paper Wasp
216000531,PaDi,CC BY-NC-ND 4.0,Yellow-haired Sun Fly
216001156,PaDi,CC BY-NC-ND 4.0,German Yellowjacket
216001224,PaDi,CC BY-NC-ND 4.0,Yellow-haired Sun Fly
216001298,PaDi,CC BY-NC-ND 4.0,Yellow-haired Sun Fly
216002104,PaDi,CC BY-NC-ND 4.0,Western Honey Bee
216892722,PaDi,CC BY-NC-ND 4.0,European Paper Wasp
216893163,PaDi,CC BY-NC-ND 4.0,Golden Furrow Bee
216893536,PaDi,CC BY-NC-ND 4.0,Western Honey Bee
216894341,PaDi,CC BY-NC-ND 4.0,German Yellowjacket
216894580,PaDi,CC BY-NC-ND 4.0,Yellow-haired Sun Fly
217120507,PaDi,CC BY-NC-ND 4.0,Yellow-haired Sun Fly
217120744,PaDi,CC BY-NC-ND 4.0,Yellow-haired Sun Fly
217120832,PaDi,CC BY-NC-ND 4.0,Common European Yellowjacket
217120882,PaDi,CC BY-NC-ND 4.0,Yellow-haired Sun Fly
217121004,PaDi,CC BY-NC-ND 4.0,European Paper Wasp
217121130,PaDi,CC BY-NC-ND 4.0,European Paper Wasp
217331586,PaDi,CC BY-NC-ND 4.0,Great Banded Furrow Bee
217331707,PaDi,CC BY-NC-ND 4.0,Yellow-haired Sun Fly
217331938,PaDi,CC BY-NC-ND 4.0,European Paper Wasp
217332062,PaDi,CC BY-NC-ND 4.0,Yellow-haired Sun Fly
217332243,PaDi,CC BY-NC-ND 4.0,Yellow-haired Sun Fly
217332560,PaDi,CC BY-NC-ND 4.0,European Paper Wasp
217584295,PaDi,CC BY-NC-ND 4.0,Common European Yellowjacket
217584352,PaDi,CC BY-NC-ND 4.0,European Paper Wasp
217584370,PaDi,CC BY-NC-ND 4.0,European Woolcarder Bee
217584391,PaDi,CC BY-NC-ND 4.0,European Woolcarder Bee
217584447,PaDi,CC BY-NC-ND 4.0,Great Banded Furrow Bee
217584469,PaDi,CC BY-NC-ND 4.0,European Paper Wasp
218203379,PaDi,CC BY-NC-ND 4.0,Western Honey Bee
218203500,PaDi,CC BY-NC-ND 4.0,Western Honey Bee
218204454,PaDi,CC BY-NC-ND 4.0,Western Honey Bee
218204809,PaDi,CC BY-NC-ND 4.0,European Paper Wasp
218204868,PaDi,CC BY-NC-ND 4.0,European Paper Wasp
218205634,PaDi,CC BY-NC-ND 4.0,Western Honey Bee
218206292,PaDi,CC BY-NC-ND 4.0,European Woolcarder Bee
218206340,PaDi,CC BY-NC-ND 4.0,European Paper Wasp
218206597,PaDi,CC BY-NC-ND 4.0,European Woolcarder Bee
218207152,PaDi,CC BY-NC-ND 4.0,European Woolcarder Bee
218207188,PaDi,CC BY-NC-ND 4.0,European Woolcarder Bee
218207838,PaDi,CC BY-NC-ND 4.0,Common European Yellowjacket
218208321,PaDi,CC BY-NC-ND 4.0,Red-tailed Bumble Bee
218208379,PaDi,CC BY-NC-ND 4.0,Great Banded Furrow Bee
218208456,PaDi,CC BY-NC-ND 4.0,Red-tailed Bumble Bee
218208655,PaDi,CC BY-NC-ND 4.0,Great Banded Furrow Bee
218208923,PaDi,CC BY-NC-ND 4.0,Western Honey Bee
218209536,PaDi,CC BY-NC-ND 4.0,Western Honey Bee
218209612,PaDi,CC BY-NC-ND 4.0,European Paper Wasp
218209633,PaDi,CC BY-NC-ND 4.0,Shrill Carder-Bumble Bee
218210076,PaDi,CC BY-NC-ND 4.0,European Woolcarder Bee
218436637,PaDi,CC BY-NC-ND 4.0,Common Carder Bumble Bee
218436901,PaDi,CC BY-NC-ND 4.0,European Paper Wasp
218438330,PaDi,CC BY-NC-ND 4.0,Great Banded Furrow Bee
218439303,PaDi,CC BY-NC-ND 4.0,European Paper Wasp
218439363,PaDi,CC BY-NC-ND 4.0,Western Honey Bee
218448013,PaDi,CC BY-NC-ND 4.0,European Paper Wasp
218448756,PaDi,CC BY-NC-ND 4.0,Great Banded Furrow Bee
218449072,PaDi,CC BY-NC-ND 4.0,Western Honey Bee
218449464,PaDi,CC BY-NC-ND 4.0,Western Honey Bee
218763060,PaDi,CC BY-NC-ND 4.0,Western Honey Bee
218764069,PaDi,CC BY-NC-ND 4.0,Western Honey Bee
218764325,PaDi,CC BY-NC-ND 4.0,European Paper Wasp
218768999,PaDi,CC BY-NC-ND 4.0,Yellow-haired Sun Fly
218769234,PaDi,CC BY-NC-ND 4.0,Common European Yellowjacket
218769292,PaDi,CC BY-NC-ND 4.0,Common European Yellowjacket
218769339,PaDi,CC BY-NC-ND 4.0,Yellow-haired Sun Fly
218769396,PaDi,CC BY-NC-ND 4.0,Western Honey Bee
218769504,PaDi,CC BY-NC-ND 4.0,Western Honey Bee
218806111,PaDi,CC BY-NC-ND 4.0,Western Honey Bee
218807100,PaDi,CC BY-NC-ND 4.0,Yellow-haired Sun Fly
218807346,PaDi,CC BY-NC-ND 4.0,European Paper Wasp
218808429,PaDi,CC BY-NC-ND 4.0,Red-tailed Bumble Bee
218808619,PaDi,CC BY-NC-ND 4.0,Shrill Carder-Bumble Bee
219127996,PaDi,CC BY-NC-ND 4.0,Common Carder Bumble Bee
219144981,PaDi,CC BY-NC-ND 4.0,Great Banded Furrow Bee
219145397,PaDi,CC BY-NC-ND 4.0,Great Banded Furrow Bee
219145514,PaDi,CC BY-NC-ND 4.0,Western Honey Bee
219146327,PaDi,CC BY-NC-ND 4.0,Western Honey Bee
219146401,PaDi,CC BY-NC-ND 4.0,Western Honey Bee
219146862,PaDi,CC BY-NC-ND 4.0,Western Honey Bee
219147304,PaDi,CC BY-NC-ND 4.0,Golden Furrow Bee
219148254,PaDi,CC BY-NC-ND 4.0,European Paper Wasp
219432119,PaDi,CC BY-NC-ND 4.0,Variegated Masked Bee
219432282,PaDi,CC BY-NC-ND 4.0,Western Honey Bee
219432313,PaDi,CC BY-NC-ND 4.0,European Paper Wasp
219432337,PaDi,CC BY-NC-ND 4.0,Yellow-haired Sun Fly
219432614,PaDi,CC BY-NC-ND 4.0,European Woolcarder Bee
219432744,PaDi,CC BY-NC-ND 4.0,Western Honey Bee
219433401,PaDi,CC BY-NC-ND 4.0,Western Honey Bee
219433443,PaDi,CC BY-NC-ND 4.0,Western Honey Bee
219433918,PaDi,CC BY-NC-ND 4.0,Great Banded Furrow Bee
219433975,PaDi,CC BY-NC-ND 4.0,Western Honey Bee
219434131,PaDi,CC BY-NC-ND 4.0,Great Banded Furrow Bee
219697596,PaDi,CC BY-NC-ND 4.0,Common Carder Bumble Bee
219706429,PaDi,CC BY-NC-ND 4.0,Yellow-haired Sun Fly
219706612,PaDi,CC BY-NC-ND 4.0,Shrill Carder-Bumble Bee
219706666,PaDi,CC BY-NC-ND 4.0,Western Honey Bee
219706768,PaDi,CC BY-NC-ND 4.0,Western Honey Bee
219706975,PaDi,CC BY-NC-ND 4.0,Great Banded Furrow Bee
219707188,PaDi,CC BY-NC-ND 4.0,European Woolcarder Bee
219944894,PaDi,CC BY-NC-ND 4.0,Great Banded Furrow Bee
219945026,PaDi,CC BY-NC-ND 4.0,Great Banded Furrow Bee
219945817,PaDi,CC BY-NC-ND 4.0,European Paper Wasp
219946103,PaDi,CC BY-NC-ND 4.0,Common European Yellowjacket
219946173,PaDi,CC BY-NC-ND 4.0,European Paper Wasp
224270514,PaDi,CC BY-NC-ND 4.0,Red-tailed Bumble Bee
224270673,PaDi,CC BY-NC-ND 4.0,Great Banded Furrow Bee
224271085,PaDi,CC BY-NC-ND 4.0,Golden Furrow Bee
224271664,PaDi,CC BY-NC-ND 4.0,Red-tailed Bumble Bee
224271763,PaDi,CC BY-NC-ND 4.0,European Paper Wasp
224271806,PaDi,CC BY-NC-ND 4.0,Great Banded Furrow Bee
224271984,PaDi,CC BY-NC-ND 4.0,Common Carder Bumble Bee
224272289,PaDi,CC BY-NC-ND 4.0,Western Honey Bee
224272469,PaDi,CC BY-NC-ND 4.0,Western Honey Bee
224272856,PaDi,CC BY-NC-ND 4.0,Western Honey Bee
224273135,PaDi,CC BY-NC-ND 4.0,Western Honey Bee
224349851,ariellopezpics,CC BY-NC 4.0,Zephyr Sweat Bee
229102781,Martha O'Kennon,CC BY-NC 4.0,Hairy Sweat Bee
230191484,PaDi,CC BY-NC-ND 4.0,Common Carder Bumble Bee
230424932,PaDi,CC BY-NC-ND 4.0,Common Carder Bumble Bee
231723377,PaDi,CC BY-NC-ND 4.0,Western Honey Bee
232167822,PaDi,CC BY-NC-ND 4.0,Common Carder Bumble Bee
232884787,Michelle Orcutt,CC BY 4.0,Zephyr Sweat Bee
234756290,Michelle Orcutt,CC BY 4.0,Zephyr Sweat Bee
234913928,PaDi,CC BY-NC-ND 4.0,Red Clover
235319029,PaDi,CC BY-NC-ND 4.0,Western Honey Bee
240199069,Katja Schulz,CC BY 4.0,Zephyr Sweat Bee
241005771,PaDi,CC BY-NC-ND 4.0,Western Honey Bee
241005914,PaDi,CC BY-NC-ND 4.0,Western Honey Bee
241165089,Lisa Hill,CC BY-NC 4.0,Zephyr Sweat Bee
256208660,PaDi,CC BY-NC-ND 4.0,Western Honey Bee
260117682,Dani RTH,,Common Furrow Bee
263009451,adir naduf,,
263672542,PaDi,CC BY-NC-ND 4.0,European Orchard Bee
269119760,Philip Mark Osso,CC BY-NC 4.0,Common Furrow Bee
269300307,PaDi,CC BY-NC-ND 4.0,European Orchard Bee
269301081,PaDi,CC BY-NC-ND 4.0,Red Mason Bee
269302268,PaDi,CC BY-NC-ND 4.0,Red Mason Bee
270160857,PaDi,CC BY-NC-ND 4.0,Western Honey Bee
270780272,PaDi,CC BY-NC-ND 4.0,Western Honey Bee
271039281,PaDi,CC BY-NC-ND 4.0,Western Honey Bee
271039530,PaDi,CC BY-NC-ND 4.0,Red Mason Bee
271039605,PaDi,CC BY-NC-ND 4.0,Red Mason Bee
271041237,PaDi,CC BY-NC-ND 4.0,Red Mason Bee
271321079,PaDi,CC BY-NC-ND 4.0,Red Mason Bee
271322351,PaDi,CC BY-NC-ND 4.0,Western Honey Bee
271322746,PaDi,CC BY-NC-ND 4.0,Western Honey Bee
273948430,PaDi,CC BY-NC-ND 4.0,Western Honey Bee
275017942,PaDi,CC BY-NC-ND 4.0,Common European Yellowjacket
275020845,PaDi,CC BY-NC-ND 4.0,Red Mason Bee
275023621,PaDi,CC BY-NC-ND 4.0,Yellow-haired Sun Fly
276187045,PaDi,CC BY-NC-ND 4.0,Red Mason Bee
277805202,PaDi,CC BY-NC-ND 4.0,Great Banded Furrow Bee
279709932,PaDi,CC BY-NC-ND 4.0,Red Mason Bee
280021831,PaDi,CC BY-NC-ND 4.0,Red Mason Bee
280022261,PaDi,CC BY-NC-ND 4.0,Red Mason Bee
280022277,PaDi,CC BY-NC-ND 4.0,Red Mason Bee
280022336,PaDi,CC BY-NC-ND 4.0,Red Mason Bee
280986957,PaDi,CC BY-NC-ND 4.0,Western Honey Bee
280986970,PaDi,CC BY-NC-ND 4.0,Western Honey Bee
281250447,PaDi,CC BY-NC-ND 4.0,Red Clover
281255708,PaDi,CC BY-NC-ND 4.0,Western Honey Bee
281279503,PaDi,CC BY-NC-ND 4.0,Western Honey Bee
281281048,PaDi,CC BY-NC-ND 4.0,Western Honey Bee
281672027,PaDi,CC BY-NC-ND 4.0,Western Honey Bee
281672398,PaDi,CC BY-NC-ND 4.0,Red Mason Bee
281672500,PaDi,CC BY-NC-ND 4.0,Red Mason Bee
281672951,PaDi,CC BY-NC-ND 4.0,Red Mason Bee
281672973,PaDi,CC BY-NC-ND 4.0,European Paper Wasp
282140142,PaDi,CC BY-NC-ND 4.0,Great Banded Furrow Bee
282140280,PaDi,CC BY-NC-ND 4.0,Western Honey Bee
282140760,PaDi,CC BY-NC-ND 4.0,Western Honey Bee
282481135,PaDi,CC BY-NC-ND 4.0,Great Banded Furrow Bee
282481937,PaDi,CC BY-NC-ND 4.0,Great Banded Furrow Bee
282482128,PaDi,CC BY-NC-ND 4.0,Great Banded Furrow Bee
282482333,PaDi,CC BY-NC-ND 4.0,Western Honey Bee
284495094,PaDi,CC BY-NC-ND 4.0,Western Honey Bee
284543211,PaDi,CC BY-NC-ND 4.0,Western Honey Bee
284543452,PaDi,CC BY-NC-ND 4.0,Western Honey Bee
284900361,PaDi,CC BY-NC-ND 4.0,Western Honey Bee
284911048,PaDi,CC BY-NC-ND 4.0,Great Banded Furrow Bee
284911189,PaDi,CC BY-NC-ND 4.0,Great Banded Furrow Bee
284911340,PaDi,CC BY-NC-ND 4.0,Great Banded Furrow Bee
284912038,PaDi,CC BY-NC-ND 4.0,Red Mason Bee
284912212,PaDi,CC BY-NC-ND 4.0,Western Honey Bee
284912232,PaDi,CC BY-NC-ND 4.0,Red Mason Bee
284912344,PaDi,CC BY-NC-ND 4.0,Red Mason Bee
284912872,PaDi,CC BY-NC-ND 4.0,Red-tailed Bumble Bee
284913105,PaDi,CC BY-NC-ND 4.0,Western Honey Bee
284913451,PaDi,CC BY-NC-ND 4.0,Western Honey Bee
285166037,PaDi,CC BY-NC-ND 4.0,Western Honey Bee
285518084,PaDi,CC BY-NC-ND 4.0,Western Honey Bee
285518296,PaDi,CC BY-NC-ND 4.0,Western Honey Bee
286631955,PaDi,CC BY-NC-ND 4.0,Common Carder Bumble Bee
286979591,PaDi,CC BY-NC-ND 4.0,Western Honey Bee
286979706,PaDi,CC BY-NC-ND 4.0,Western Honey Bee
287179336,PaDi,CC BY-NC-ND 4.0,Western Honey Bee
287179412,PaDi,CC BY-NC-ND 4.0,Western Honey Bee
287179512,PaDi,CC BY-NC-ND 4.0,Western Honey Bee
287179675,PaDi,CC BY-NC-ND 4.0,Buff-tailed Bumble Bee
287179909,PaDi,CC BY-NC-ND 4.0,Western Honey Bee
287275722,PaDi,CC BY-NC-ND 4.0,Common Carder Bumble Bee
287276624,PaDi,CC BY-NC-ND 4.0,Western Honey Bee
287276693,PaDi,CC BY-NC-ND 4.0,Western Honey Bee
287277956,PaDi,CC BY-NC-ND 4.0,European Woolcarder Bee
287278078,PaDi,CC BY-NC-ND 4.0,Western Honey Bee
287278845,PaDi,CC BY-NC-ND 4.0,Vestal Cuckoo Bumble Bee
287581567,PaDi,CC BY-NC-ND 4.0,Western Honey Bee
287593511,PaDi,CC BY-NC-ND 4.0,Western Honey Bee
287593785,PaDi,CC BY-NC-ND 4.0,Great Banded Furrow Bee
287594705,PaDi,CC BY-NC-ND 4.0,Common Carder Bumble Bee
287595713,PaDi,CC BY-NC-ND 4.0,Western Honey Bee
287596690,PaDi,CC BY-NC-ND 4.0,Western Honey Bee
287597095,PaDi,CC BY-NC-ND 4.0,Western Honey Bee
290230705,PaDi,CC BY-NC-ND 4.0,European Paper Wasp
290231584,PaDi,CC BY-NC-ND 4.0,European Woolcarder Bee
290231762,PaDi,CC BY-NC-ND 4.0,European Woolcarder Bee
293715185,PaDi,CC BY-NC-ND 4.0,European Woolcarder Bee
293715261,PaDi,CC BY-NC-ND 4.0,European Woolcarder Bee
294014702,PaDi,CC BY-NC-ND 4.0,Western Honey Bee
294468986,PaDi,CC BY-NC-ND 4.0,Western Honey Bee
294469270,PaDi,CC BY-NC-ND 4.0,Great Banded Furrow Bee
294470485,PaDi,CC BY-NC-ND 4.0,Western Honey Bee
294471175,PaDi,CC BY-NC-ND 4.0,Great Banded Furrow Bee
294493084,PaDi,CC BY-NC-ND 4.0,Vestal Cuckoo Bumble Bee
296390005,PaDi,CC BY-NC-ND 4.0,Great Banded Furrow Bee
296426165,PaDi,CC BY-NC-ND 4.0,European Woolcarder Bee
296426292,PaDi,CC BY-NC-ND 4.0,European Woolcarder Bee
296426614,PaDi,CC BY-NC-ND 4.0,Vestal Cuckoo Bumble Bee
296426758,PaDi,CC BY-NC-ND 4.0,Shrill Carder-Bumble Bee
296426920,PaDi,CC BY-NC-ND 4.0,Vestal Cuckoo Bumble Bee
296427516,PaDi,CC BY-NC-ND 4.0,Red-tailed Bumble Bee
296428061,PaDi,CC BY-NC-ND 4.0,Buff-tailed Bumble Bee
296428201,PaDi,CC BY-NC-ND 4.0,Western Honey Bee
296428666,PaDi,CC BY-NC-ND 4.0,Western Honey Bee
296429244,PaDi,CC BY-NC-ND 4.0,Variegated Masked Bee
296429883,PaDi,CC BY-NC-ND 4.0,Variegated Masked Bee
296430063,PaDi,CC BY-NC-ND 4.0,Western Honey Bee
296430944,PaDi,CC BY-NC-ND 4.0,Common Carder Bumble Bee
296431196,PaDi,CC BY-NC-ND 4.0,Great Banded Furrow Bee
296465790,fear-fantasy,CC BY-NC 4.0,
297440969,PaDi,CC BY-NC-ND 4.0,Western Honey Bee
297441622,PaDi,CC BY-NC-ND 4.0,European Paper Wasp
299277540,PaDi,CC BY-NC-ND 4.0,Variegated Masked Bee
299277812,PaDi,CC BY-NC-ND 4.0,Western Honey Bee
299279348,PaDi,CC BY-NC-ND 4.0,Variegated Masked Bee
299279609,PaDi,CC BY-NC-ND 4.0,Great Banded Furrow Bee
299280139,PaDi,CC BY-NC-ND 4.0,Yellow-haired Sun Fly
299280270,PaDi,CC BY-NC-ND 4.0,Yellow-haired Sun Fly
299280730,PaDi,CC BY-NC-ND 4.0,Variegated Masked Bee
299281107,PaDi,CC BY-NC-ND 4.0,Western Honey Bee
299281650,PaDi,CC BY-NC-ND 4.0,Great Banded Furrow Bee
299281989,PaDi,CC BY-NC-ND 4.0,Western Honey Bee
299282223,PaDi,CC BY-NC-ND 4.0,Buff-tailed Bumble Bee
299282383,PaDi,CC BY-NC-ND 4.0,Western Honey Bee
299282421,PaDi,CC BY-NC-ND 4.0,Red-tailed Bumble Bee
299282623,PaDi,CC BY-NC-ND 4.0,Red-tailed Bumble Bee
299282858,PaDi,CC BY-NC-ND 4.0,Buff-tailed Bumble Bee
299283139,PaDi,CC BY-NC-ND 4.0,Golden Furrow Bee
299513819,PaDi,CC BY-NC-ND 4.0,Yellow-haired Sun Fly
299513841,PaDi,CC BY-NC-ND 4.0,Yellow-haired Sun Fly
299513993,PaDi,CC BY-NC-ND 4.0,Yellow-haired Sun Fly
299514172,PaDi,CC BY-NC-ND 4.0,Yellow-haired Sun Fly
299514534,PaDi,CC BY-NC-ND 4.0,Variegated Masked Bee
299515104,PaDi,CC BY-NC-ND 4.0,Variegated Masked Bee
299515256,PaDi,CC BY-NC-ND 4.0,German Yellowjacket
299515380,PaDi,CC BY-NC-ND 4.0,Yellow-haired Sun Fly
299515431,PaDi,CC BY-NC-ND 4.0,Yellow-haired Sun Fly
299515578,PaDi,CC BY-NC-ND 4.0,Yellow-haired Sun Fly
299515710,PaDi,CC BY-NC-ND 4.0,Western Honey Bee
299515795,PaDi,CC BY-NC-ND 4.0,Yellow-haired Sun Fly
299515921,PaDi,CC BY-NC-ND 4.0,Great Banded Furrow Bee
299516127,PaDi,CC BY-NC-ND 4.0,Yellow-haired Sun Fly
299516862,PaDi,CC BY-NC-ND 4.0,Western Honey Bee
299517209,PaDi,CC BY-NC-ND 4.0,Yellow-haired Sun Fly
299517245,PaDi,CC BY-NC-ND 4.0,Western Honey Bee
299517275,PaDi,CC BY-NC-ND 4.0,Yellow-haired Sun Fly
299517748,PaDi,CC BY-NC-ND 4.0,Yellow-haired Sun Fly
299518643,PaDi,CC BY-NC-ND 4.0,Western Honey Bee
299878932,PaDi,CC BY-NC-ND 4.0,Yellow-haired Sun Fly
299879020,PaDi,CC BY-NC-ND 4.0,Yellow-haired Sun Fly
299879759,PaDi,CC BY-NC-ND 4.0,Yellow-haired Sun Fly
299879837,PaDi,CC BY-NC-ND 4.0,Yellow-haired Sun Fly
299879868,PaDi,CC BY-NC-ND 4.0,Yellow-haired Sun Fly
299879975,PaDi,CC BY-NC-ND 4.0,Common Carder Bumble Bee
300099672,PaDi,CC BY-NC-ND 4.0,Great Banded Furrow Bee
300111579,PaDi,CC BY-NC-ND 4.0,European Paper Wasp
300111861,PaDi,CC BY-NC-ND 4.0,Yellow-haired Sun Fly
300111913,PaDi,CC BY-NC-ND 4.0,Yellow-haired Sun Fly
300112127,PaDi,CC BY-NC-ND 4.0,Yellow-haired Sun Fly
300112365,PaDi,CC BY-NC-ND 4.0,Yellow-haired Sun Fly
300112902,PaDi,CC BY-NC-ND 4.0,Yellow-haired Sun Fly
300113364,PaDi,CC BY-NC-ND 4.0,Yellow-haired Sun Fly
300113682,PaDi,CC BY-NC-ND 4.0,Yellow-haired Sun Fly
300114126,PaDi,CC BY-NC-ND 4.0,Yellow-haired Sun Fly
300114247,PaDi,CC BY-NC-ND 4.0,Yellow-haired Sun Fly
300114271,PaDi,CC BY-NC-ND 4.0,Yellow-haired Sun Fly
300114460,PaDi,CC BY-NC-ND 4.0,Yellow-haired Sun Fly
300114744,PaDi,CC BY-NC-ND 4.0,Yellow-haired Sun Fly
300115691,PaDi,CC BY-NC-ND 4.0,Western Honey Bee
300115909,PaDi,CC BY-NC-ND 4.0,European Paper Wasp
300115998,PaDi,CC BY-NC-ND 4.0,Yellow-haired Sun Fly
300116113,PaDi,CC BY-NC-ND 4.0,Yellow-haired Sun Fly
300116168,PaDi,CC BY-NC-ND 4.0,Yellow-haired Sun Fly
300116222,PaDi,CC BY-NC-ND 4.0,Yellow-haired Sun Fly
300116668,PaDi,CC BY-NC-ND 4.0,Yellow-haired Sun Fly
300117078,PaDi,CC BY-NC-ND 4.0,Yellow-haired Sun Fly
300117667,PaDi,CC BY-NC-ND 4.0,Yellow-haired Sun Fly
300396944,PaDi,CC BY-NC-ND 4.0,Yellow-haired Sun Fly
300421459,PaDi,CC BY-NC-ND 4.0,Western Honey Bee
300421929,PaDi,CC BY-NC-ND 4.0,Great Banded Furrow Bee
300422547,PaDi,CC BY-NC-ND 4.0,Common Carder Bumble Bee
300422742,PaDi,CC BY-NC-ND 4.0,Shrill Carder-Bumble Bee
300422856,PaDi,CC BY-NC-ND 4.0,Shrill Carder-Bumble Bee
300423004,PaDi,CC BY-NC-ND 4.0,European Paper Wasp
300468727,PaDi,CC BY-NC-ND 4.0,Yellow-haired Sun Fly
300469111,PaDi,CC BY-NC-ND 4.0,Yellow-haired Sun Fly
300507740,orion_05,CC BY-NC 4.0,Common Furrow Bee
300788841,PaDi,CC BY-NC-ND 4.0,Yellow-haired Sun Fly
300788912,PaDi,CC BY-NC-ND 4.0,Yellow-haired Sun Fly
300788948,PaDi,CC BY-NC-ND 4.0,Yellow-haired Sun Fly
300789069,PaDi,CC BY-NC-ND 4.0,Yellow-haired Sun Fly
300789488,PaDi,CC BY-NC-ND 4.0,Yellow-haired Sun Fly
300789587,PaDi,CC BY-NC-ND 4.0,Great Banded Furrow Bee
300789780,PaDi,CC BY-NC-ND 4.0,Western Honey Bee
300789946,PaDi,CC BY-NC-ND 4.0,Great Banded Furrow Bee
300790027,PaDi,CC BY-NC-ND 4.0,Western Honey Bee
300790064,PaDi,CC BY-NC-ND 4.0,Western Honey Bee
300790109,PaDi,CC BY-NC-ND 4.0,Western Honey Bee
300791253,PaDi,CC BY-NC-ND 4.0,Western Honey Bee
300791286,PaDi,CC BY-NC-ND 4.0,Great Banded Furrow Bee
300805115,PaDi,CC BY-NC-ND 4.0,Great Banded Furrow Bee
300805226,PaDi,CC BY-NC-ND 4.0,Western Honey Bee
300805507,PaDi,CC BY-NC-ND 4.0,Great Banded Furrow Bee
300806662,PaDi,CC BY-NC-ND 4.0,Yellow-haired Sun Fly
301213803,PaDi,CC BY-NC-ND 4.0,Great Banded Furrow Bee
301214870,PaDi,CC BY-NC-ND 4.0,Yellow-haired Sun Fly
302361123,PaDi,CC BY-NC-ND 4.0,Red-tailed Bumble Bee
306138697,PaDi,CC BY-NC-ND 4.0,Yellow-haired Sun Fly
306138836,PaDi,CC BY-NC-ND 4.0,Western Honey Bee
306145015,PaDi,CC BY-NC-ND 4.0,Yellow-haired Sun Fly
306145928,PaDi,CC BY-NC-ND 4.0,Common European Yellowjacket
306246716,PaDi,CC BY-NC-ND 4.0,European Paper Wasp
306247130,PaDi,CC BY-NC-ND 4.0,Great Banded Furrow Bee
306247245,PaDi,CC BY-NC-ND 4.0,Great Banded Furrow Bee
306247963,PaDi,CC BY-NC-ND 4.0,European Paper Wasp
306248179,PaDi,CC BY-NC-ND 4.0,Great Banded Furrow Bee
306248791,PaDi,CC BY-NC-ND 4.0,Red-tailed Bumble Bee
308516619,PaDi,CC BY-NC-ND 4.0,Common Carder Bumble Bee
318098458,Mary Batchelor,CC BY-NC 4.0,Common Furrow Bee
319073706,PaDi,CC BY-NC-ND 4.0,Common Carder Bumble Bee
319073794,PaDi,CC BY-NC-ND 4.0,Great Banded Furrow Bee
319073804,PaDi,CC BY-NC-ND 4.0,Western Honey Bee
319073847,PaDi,CC BY-NC-ND 4.0,Great Banded Furrow Bee
319073885,PaDi,CC BY-NC-ND 4.0,Great Banded Furrow Bee
319073920,PaDi,CC BY-NC-ND 4.0,Western Honey Bee
319073956,PaDi,CC BY-NC-ND 4.0,Common Carder Bumble Bee
319074010,PaDi,CC BY-NC-ND 4.0,Great Banded Furrow Bee
319981415,Stephanie Fletcher,CC BY-NC 4.0,Zephyr Sweat Bee
321378448,Michelle Orcutt,CC BY 4.0,Zephyr Sweat Bee
325054370,LESLIE LEAGUE,CC BY-NC 4.0,Zephyr Sweat Bee
336705330,PaDi,CC BY-NC-ND 4.0,Red Mason Bee
339428043,avid607,,
345973982,Rafael Carbonell Font,CC BY 4.0,
347650756,Chris walker,CC BY 4.0,Common Furrow Bee
355685181,PaDi,CC BY-NC-ND 4.0,European Orchard Bee
356025625,PaDi,CC BY-NC-ND 4.0,European Orchard Bee
357674020,PaDi,CC BY-NC-ND 4.0,European Orchard Bee
364446319,PaDi,CC BY-NC-ND 4.0,Western Honey Bee
364482756,PaDi,CC BY-NC-ND 4.0,Red Mason Bee
366081305,graham street,CC BY-NC 4.0,Common Furrow Bee
367868467,PaDi,CC BY-NC-ND 4.0,Yellow-haired Sun Fly
378617423,PaDi,CC BY-NC-ND 4.0,Western Honey Bee
378619398,PaDi,CC BY-NC-ND 4.0,Western Honey Bee
381024497,PaDi,CC BY-NC-ND 4.0,Western Honey Bee
381483760,PaDi,CC BY-NC-ND 4.0,Red Clover
381901303,PaDi,CC BY-NC-ND 4.0,Red Clover
384774354,PaDi,CC BY-NC-ND 4.0,Red Clover
384778087,PaDi,CC BY-NC-ND 4.0,Red Clover
385447579,PaDi,CC BY-NC-ND 4.0,Western Honey Bee
387443722,PaDi,CC BY-NC-ND 4.0,Western Honey Bee
387465304,PaDi,CC BY-NC-ND 4.0,Western Honey Bee
387465401,PaDi,CC BY-NC-ND 4.0,Western Honey Bee
387466530,PaDi,CC BY-NC-ND 4.0,Western Honey Bee
388709618,PaDi,CC BY-NC-ND 4.0,Red Clover
389634221,PaDi,CC BY-NC-ND 4.0,Red Clover
389815717,PaDi,CC BY-NC-ND 4.0,Common Carder Bumble Bee
389932482,PaDi,CC BY-NC-ND 4.0,Red Clover
390759115,PaDi,CC BY-NC-ND 4.0,Red Clover
390759242,PaDi,CC BY-NC-ND 4.0,Red Clover
393300090,PaDi,CC BY-NC-ND 4.0,Western Honey Bee
393675220,PaDi,CC BY-NC-ND 4.0,Western Honey Bee
393675249,PaDi,CC BY-NC-ND 4.0,European Woolcarder Bee
393675305,PaDi,CC BY-NC-ND 4.0,European Woolcarder Bee
393675430,PaDi,CC BY-NC-ND 4.0,European Paper Wasp
394059122,PaDi,CC BY-NC-ND 4.0,European Woolcarder Bee
394059226,PaDi,CC BY-NC-ND 4.0,Western Honey Bee
394059488,PaDi,CC BY-NC-ND 4.0,Great Banded Furrow Bee
395784834,PaDi,CC BY-NC-ND 4.0,European Woolcarder Bee
396182953,PaDi,CC BY-NC-ND 4.0,Western Honey Bee
396183092,PaDi,CC BY-NC-ND 4.0,Western Honey Bee
396183622,PaDi,CC BY-NC-ND 4.0,Western Honey Bee
396184097,PaDi,CC BY-NC-ND 4.0,Western Honey Bee
396184597,PaDi,CC BY-NC-ND 4.0,Western Honey Bee
397316713,PaDi,CC BY-NC-ND 4.0,Common Carder Bumble Bee
397316780,PaDi,CC BY-NC-ND 4.0,Shrill Carder-Bumble Bee
399495953,PaDi,CC BY-NC-ND 4.0,Western Honey Bee
399496235,PaDi,CC BY-NC-ND 4.0,Vestal Cuckoo Bumble Bee
399496239,PaDi,CC BY-NC-ND 4.0,European Woolcarder Bee
399496432,PaDi,CC BY-NC-ND 4.0,European Woolcarder Bee
399496676,PaDi,CC BY-NC-ND 4.0,European Woolcarder Bee
401262919,PaDi,CC BY-NC-ND 4.0,Western Honey Bee
401263199,PaDi,CC BY-NC-ND 4.0,Common Carder Bumble Bee
401667556,PaDi,CC BY-NC-ND 4.0,Vestal Cuckoo Bumble Bee
401667753,PaDi,CC BY-NC-ND 4.0,Vestal Cuckoo Bumble Bee
401668688,PaDi,CC BY-NC-ND 4.0,Great Banded Furrow Bee
402080260,PaDi,CC BY-NC-ND 4.0,Western Honey Bee
402854607,PaDi,CC BY-NC-ND 4.0,Western Honey Bee
402855336,PaDi,CC BY-NC-ND 4.0,Western Honey Bee
402855549,PaDi,CC BY-NC-ND 4.0,European Woolcarder Bee
404292982,PaDi,CC BY-NC-ND 4.0,Common Carder Bumble Bee
404650620,PaDi,CC BY-NC-ND 4.0,Western Honey Bee
404651422,PaDi,CC BY-NC-ND 4.0,Great Banded Furrow Bee
404651828,PaDi,CC BY-NC-ND 4.0,Vestal Cuckoo Bumble Bee
404651909,PaDi,CC BY-NC-ND 4.0,Vestal Cuckoo Bumble Bee
404651937,PaDi,CC BY-NC-ND 4.0,Vestal Cuckoo Bumble Bee
404652047,PaDi,CC BY-NC-ND 4.0,Vestal Cuckoo Bumble Bee
404652284,PaDi,CC BY-NC-ND 4.0,Vestal Cuckoo Bumble Bee
404653298,PaDi,CC BY-NC-ND 4.0,Common Carder Bumble Bee
405069667,PaDi,CC BY-NC-ND 4.0,Western Honey Bee
405069845,PaDi,CC BY-NC-ND 4.0,Western Honey Bee
405439375,PaDi,CC BY-NC-ND 4.0,Vestal Cuckoo Bumble Bee
405439490,PaDi,CC BY-NC-ND 4.0,European Paper Wasp
405789144,PaDi,CC BY-NC-ND 4.0,Western Honey Bee
405789729,PaDi,CC BY-NC-ND 4.0,Western Honey Bee
405789771,PaDi,CC BY-NC-ND 4.0,Western Honey Bee
408199391,PaDi,CC BY-NC-ND 4.0,Western Honey Bee
408199396,PaDi,CC BY-NC-ND 4.0,Yellow-haired Sun Fly
408199445,PaDi,CC BY-NC-ND 4.0,Shrill Carder-Bumble Bee
408225660,PaDi,CC BY-NC-ND 4.0,Common Carder Bumble Bee
408226105,PaDi,CC BY-NC-ND 4.0,Western Honey Bee
408226269,PaDi,CC BY-NC-ND 4.0,European Paper Wasp
408226303,PaDi,CC BY-NC-ND 4.0,Yellow-haired Sun Fly
409233412,DaÅ¡a JeÅ¾,CC BY-NC-ND 4.0,
410334745,PaDi,CC BY-NC-ND 4.0,European Paper Wasp
410334926,PaDi,CC BY-NC-ND 4.0,Common Carder Bumble Bee
410335304,PaDi,CC BY-NC-ND 4.0,Shrill Carder-Bumble Bee
410335460,PaDi,CC BY-NC-ND 4.0,Yellow-haired Sun Fly
410335466,PaDi,CC BY-NC-ND 4.0,Yellow-haired Sun Fly
410335509,PaDi,CC BY-NC-ND 4.0,Western Honey Bee
410335775,PaDi,CC BY-NC-ND 4.0,Yellow-haired Sun Fly
410335896,PaDi,CC BY-NC-ND 4.0,Yellow-haired Sun Fly
410630617,sexta,CC BY-NC 4.0,
410688254,PaDi,CC BY-NC-ND 4.0,Common Carder Bumble Bee
410688312,PaDi,CC BY-NC-ND 4.0,Western Honey Bee
410688533,PaDi,CC BY-NC-ND 4.0,European Paper Wasp
410688537,PaDi,CC BY-NC-ND 4.0,European Paper Wasp
410688686,PaDi,CC BY-NC-ND 4.0,European Paper Wasp
410688923,PaDi,CC BY-NC-ND 4.0,Shrill Carder-Bumble Bee
410689232,PaDi,CC BY-NC-ND 4.0,Yellow-haired Sun Fly
410689752,PaDi,CC BY-NC-ND 4.0,Western Honey Bee
410689757,PaDi,CC BY-NC-ND 4.0,Western Honey Bee
410689845,PaDi,CC BY-NC-ND 4.0,Yellow-haired Sun Fly
410689881,PaDi,CC BY-NC-ND 4.0,Yellow-haired Sun Fly
411107212,PaDi,CC BY-NC-ND 4.0,Yellow-haired Sun Fly
411107238,PaDi,CC BY-NC-ND 4.0,Common Carder Bumble Bee
411107384,PaDi,CC BY-NC-ND 4.0,Yellow-haired Sun Fly
411107501,PaDi,CC BY-NC-ND 4.0,Yellow-haired Sun Fly
411107522,PaDi,CC BY-NC-ND 4.0,Yellow-haired Sun Fly
411107667,PaDi,CC BY-NC-ND 4.0,Yellow-haired Sun Fly
411107919,PaDi,CC BY-NC-ND 4.0,Western Honey Bee
413840253,PaDi,CC BY-NC-ND 4.0,Yellow-haired Sun Fly
413840267,PaDi,CC BY-NC-ND 4.0,Yellow-haired Sun Fly
413840347,PaDi,CC BY-NC-ND 4.0,Great Banded Furrow Bee
413840369,PaDi,CC BY-NC-ND 4.0,Great Banded Furrow Bee
413840382,PaDi,CC BY-NC-ND 4.0,European Paper Wasp
413840439,PaDi,CC BY-NC-ND 4.0,European Paper Wasp
413840467,PaDi,CC BY-NC-ND 4.0,Great Banded Furrow Bee
415763612,PaDi,CC BY-NC-ND 4.0,Yellow-haired Sun Fly
415763777,PaDi,CC BY-NC-ND 4.0,Yellow-haired Sun Fly
415763821,PaDi,CC BY-NC-ND 4.0,Yellow-haired Sun Fly
415763864,PaDi,CC BY-NC-ND 4.0,European Paper Wasp
415764178,PaDi,CC BY-NC-ND 4.0,European Woolcarder Bee
416950974,PaDi,CC BY-NC-ND 4.0,Common Carder Bumble Bee
416951129,PaDi,CC BY-NC-ND 4.0,European Woolcarder Bee
416951552,PaDi,CC BY-NC-ND 4.0,Great Banded Furrow Bee
417033078,PaDi,CC BY-NC-ND 4.0,Yellow-haired Sun Fly
417033128,PaDi,CC BY-NC-ND 4.0,European Woolcarder Bee
417033147,PaDi,CC BY-NC-ND 4.0,Yellow-haired Sun Fly
417033196,PaDi,CC BY-NC-ND 4.0,Common Carder Bumble Bee
417033421,PaDi,CC BY-NC-ND 4.0,Common Carder Bumble Bee
417033456,PaDi,CC BY-NC-ND 4.0,Great Banded Furrow Bee
417033463,PaDi,CC BY-NC-ND 4.0,Great Banded Furrow Bee
417033482,PaDi,CC BY-NC-ND 4.0,European Paper Wasp
417033562,PaDi,CC BY-NC-ND 4.0,Yellow-haired Sun Fly
417033585,PaDi,CC BY-NC-ND 4.0,Common Carder Bumble Bee
418557660,PaDi,CC BY-NC-ND 4.0,Great Banded Furrow Bee
419349260,bob15noble,CC BY-NC 4.0,Zephyr Sweat Bee
419805099,brian stahls,CC BY-NC 4.0,Zephyr Sweat Bee
431173426,Alexey V. Ivanov,CC BY-NC 4.0,Common Furrow Bee
437132192,Lisa Hill,CC BY-NC 4.0,Slender-faced Masked Bee
438979645,Claire O'Neill,CC BY-NC 4.0,Slender-faced Masked Bee
444539025,bob15noble,CC BY-NC 4.0,Zephyr Sweat Bee
446860338,bob15noble,CC BY-NC 4.0,Zephyr Sweat Bee
448518213,Julian Fuchs,CC BY-NC 4.0,Slender-faced Masked Bee
453672689,Max McCarthy,CC BY-NC 4.0,Zephyr Sweat Bee
455761841,Frode Jacobsen,CC BY-NC 4.0,Slender-faced Masked Bee
455809217,Frode Jacobsen,CC BY-NC 4.0,Slender-faced Masked Bee
456260751,Max McCarthy,CC BY-NC 4.0,Zephyr Sweat Bee
456262855,Max McCarthy,CC BY-NC 4.0,Zephyr Sweat Bee
474591232,PaDi,CC BY-NC-ND 4.0,Western Honey Bee
476938690,PaDi,CC BY-NC-ND 4.0,Western Honey Bee
479011216,PaDi,CC BY-NC-ND 4.0,Western Honey Bee
479011666,PaDi,CC BY-NC-ND 4.0,European Orchard Bee
479289925,PaDi,CC BY-NC-ND 4.0,Common Carder Bumble Bee
482109764,PaDi,CC BY-NC-ND 4.0,Western Honey Bee
486792028,PaDi,CC BY-NC-ND 4.0,Common Carder Bumble Bee
488743160,PaDi,CC BY-NC-ND 4.0,Western Honey Bee
490184528,Skjold SÃ¸ndergaard,CC BY 4.0,
491582395,Karel Dohnal,,
494433262,Karim Strohriegl,,
501543744,PaDi,CC BY-NC-ND 4.0,Red Clover
504653391,PaDi,CC BY-NC-ND 4.0,Great Banded Furrow Bee
504801559,PaDi,CC BY-NC-ND 4.0,Western Honey Bee
506717561,Sergey Shestakov,CC BY-NC 4.0,Grey-backed Mining Bee
506721056,kinkpunk,CC BY-NC 4.0,Grey-backed Mining Bee
507470530,Nina Abesadze,CC BY-NC 4.0,Yellow-legged Mining Bee
508327488,PaDi,CC BY-NC-ND 4.0,European Woolcarder Bee
508408108,Gino Brignoli,CC BY 4.0,Yellow-legged Mining Bee
508824241,Titouan Gelez,CC BY-NC 4.0,Common Masked Bee
509129876,By empressmoth,,Common Masked Bee
509691075,Gorkina Natalya,CC BY-NC 4.0,Grey-backed Mining Bee
512242840,ÐÐ½Ð½Ð° Ð“ÑƒÐ»ÑÐµÐ²Ð°,CC BY-NC 4.0,Grey-backed Mining Bee
512446065,lonicera-peri,CC BY-NC 4.0,Common Masked Bee
514048824,UsterkoweLove,CC BY-NC 4.0,Yellow-legged Mining Bee
514566579,Ð˜Ð²Ð°Ð½ Ð¢Ð¸ÑÐ»ÐµÐ½ÐºÐ¾,CC BY-NC 4.0,Common Masked Bee
515962886,Markku KÃ¶nkkÃ¶lÃ¤,CC BY-NC 4.0,Grey-backed Mining Bee
515963313,Markku KÃ¶nkkÃ¶lÃ¤,CC BY-NC 4.0,Grey-backed Mining Bee
51633695,ComoHabitat,CC BY-NC-ND 4.0,Zephyr Sweat Bee
516974009,By Niklas Wahlberg,,Common Masked Bee
518787947,PaDi,CC BY-NC-ND 4.0,European Woolcarder Bee
518792423,PaDi,CC BY-NC-ND 4.0,Red Clover
519976355,voyan,CC BY-NC 4.0,Common Masked Bee
520666533,Mick Massie,CC BY-NC 4.0,Yellow-legged Mining Bee
521820915,PaDi,CC BY-NC-ND 4.0,Western Honey Bee
521848703,PaDi,CC BY-NC-ND 4.0,Oblong Woolcarder Bee
521912407,PaDi,CC BY-NC-ND 4.0,European Woolcarder Bee
521912439,PaDi,CC BY-NC-ND 4.0,European Woolcarder Bee
521912737,PaDi,CC BY-NC-ND 4.0,European Woolcarder Bee
521963467,PaDi,CC BY-NC-ND 4.0,Red Clover
521983674,PaDi,CC BY-NC-ND 4.0,Red Clover
522005793,PaDi,CC BY-NC-ND 4.0,Western Honey Bee
522573186,PaDi,CC BY-NC-ND 4.0,European Woolcarder Bee
522799064,PaDi,CC BY-NC-ND 4.0,European Woolcarder Bee
522799065,PaDi,CC BY-NC-ND 4.0,Western Honey Bee
522799068,PaDi,CC BY-NC-ND 4.0,Western Honey Bee
522869722,massonia84,CC BY-NC 4.0,Yellow-legged Mining Bee
523840682,peterallenbds,CC BY-NC 4.0,Yellow-legged Mining Bee
523893206,PaDi,CC BY-NC-ND 4.0,Western Honey Bee
523893721,PaDi,CC BY-NC-ND 4.0,Western Honey Bee
523893843,PaDi,CC BY-NC-ND 4.0,Western Honey Bee
524044528,peterallenbds,CC BY-NC 4.0,Common Masked Bee
524370210,Philippe Moniotte,CC BY-NC 4.0,Yellow-legged Mining Bee
524483083,in-gruen,CC BY-NC 4.0,Slender-faced Masked Bee
525112845,Alexis Tinker-Tsavalas,CC BY 4.0,Yellow-legged Mining Bee
525623419,PaDi,CC BY-NC-ND 4.0,Great Banded Furrow Bee
525623588,PaDi,CC BY-NC-ND 4.0,European Woolcarder Bee
525623860,PaDi,CC BY-NC-ND 4.0,Variegated Masked Bee
526616506,egorgavrilov,CC BY-NC 4.0,Yellow-legged Mining Bee
527129365,Sean Birk Bek Craig,CC BY-NC-ND 4.0,Ashy Mining Bee
527241758,PaDi,CC BY-NC-ND 4.0,Vestal Cuckoo Bumble Bee
527242226,PaDi,CC BY-NC-ND 4.0,Western Honey Bee
527242439,PaDi,CC BY-NC-ND 4.0,Variegated Masked Bee
527242533,PaDi,CC BY-NC-ND 4.0,Variegated Masked Bee
527242696,PaDi,CC BY-NC-ND 4.0,Common Carder Bumble Bee
,,,
528008032,Oliver Brockmann,CC BY-NC 4.0,Ashy Mining Bee
52903809,Heather Holm,CC BY-NC 4.0,Zephyr Sweat Bee
529092355,myszak,CC BY-NC 4.0,Ashy Mining Bee
529886380,PaDi,CC BY-NC-ND 4.0,European Woolcarder Bee
529886601,PaDi,CC BY-NC-ND 4.0,Great Banded Furrow Bee
531196316,PaDi,CC BY-NC-ND 4.0,Common Carder Bumble Bee
531196714,PaDi,CC BY-NC-ND 4.0,Great Banded Furrow Bee
531402583,PaDi,CC BY-NC-ND 4.0,Western Honey Bee
531760341,missbuckley,CC BY-NC 4.0,Yellow-legged Mining Bee
532309501,PaDi,CC BY-NC-ND 4.0,Common Carder Bumble Bee
532545583,PaDi,CC BY-NC-ND 4.0,European Paper Wasp
532545664,PaDi,CC BY-NC-ND 4.0,Western Honey Bee
532834343,Witold SiekierzyÅ„ski,CC BY-NC 4.0,Yellow-legged Mining Bee
532976724,PaDi,CC BY-NC-ND 4.0,Western Honey Bee
532976779,PaDi,CC BY-NC-ND 4.0,Great Banded Furrow Bee
532976780,PaDi,CC BY-NC-ND 4.0,Common Carder Bumble Bee
532985943,hellraiser2000,CC BY-NC 4.0,Common Furrow Bee
533079726,ÐÐ½Ð½Ð° Ð“ÑƒÐ»ÑÐµÐ²Ð°,CC BY-NC 4.0,Common Masked Bee
533457177,Sepp Schmid,CC BY-NC 4.0,Yellow-legged Mining Bee
533472088,PaDi,CC BY-NC-ND 4.0,Shrill Carder-Bumble Bee
533472371,PaDi,CC BY-NC-ND 4.0,Western Honey Bee
533472622,PaDi,CC BY-NC-ND 4.0,Common Carder Bumble Bee
533472882,PaDi,CC BY-NC-ND 4.0,Western Honey Bee
533472930,PaDi,CC BY-NC-ND 4.0,Yellow-haired Sun Fly
533473105,PaDi,CC BY-NC-ND 4.0,Yellow-haired Sun Fly
533473171,PaDi,CC BY-NC-ND 4.0,Yellow-haired Sun Fly
533473430,PaDi,CC BY-NC-ND 4.0,Common Carder Bumble Bee
533473498,PaDi,CC BY-NC-ND 4.0,Yellow-haired Sun Fly
533473565,PaDi,CC BY-NC-ND 4.0,Yellow-haired Sun Fly
533473582,PaDi,CC BY-NC-ND 4.0,Yellow-haired Sun Fly
533473645,PaDi,CC BY-NC-ND 4.0,Yellow-haired Sun Fly
533473651,PaDi,CC BY-NC-ND 4.0,Yellow-haired Sun Fly
533473877,PaDi,CC BY-NC-ND 4.0,Yellow-haired Sun Fly
533474162,PaDi,CC BY-NC-ND 4.0,Yellow-haired Sun Fly
533474169,PaDi,CC BY-NC-ND 4.0,Yellow-legged Mining Bee
533474230,PaDi,CC BY-NC-ND 4.0,Yellow-legged Mining Bee
533474269,PaDi,CC BY-NC-ND 4.0,Yellow-haired Sun Fly
533474271,PaDi,CC BY-NC-ND 4.0,Yellow-haired Sun Fly
533474363,PaDi,CC BY-NC-ND 4.0,Yellow-haired Sun Fly
533474598,PaDi,CC BY-NC-ND 4.0,Yellow-haired Sun Fly
533474603,PaDi,CC BY-NC-ND 4.0,Yellow-haired Sun Fly
533474627,PaDi,CC BY-NC-ND 4.0,Yellow-haired Sun Fly
533474661,PaDi,CC BY-NC-ND 4.0,Yellow-haired Sun Fly
533474864,PaDi,CC BY-NC-ND 4.0,Shrill Carder-Bumble Bee
533474918,PaDi,CC BY-NC-ND 4.0,Common Carder Bumble Bee
533475073,PaDi,CC BY-NC-ND 4.0,Yellow-haired Sun Fly
533475075,PaDi,CC BY-NC-ND 4.0,Yellow-legged Mining Bee
533475111,PaDi,CC BY-NC-ND 4.0,Yellow-haired Sun Fly
533475127,PaDi,CC BY-NC-ND 4.0,Yellow-haired Sun Fly
533950619,missbuckley,CC BY-NC 4.0,Yellow-legged Mining Bee
534085828,Clint Horsey,CC BY-NC 4.0,Ashy Mining Bee
534323897,sadellen,CC BY-NC 4.0,Ashy Mining Bee
534357260,1789matt,CC BY-NC 4.0,Common Masked Bee
534599830,PaDi,CC BY-NC-ND 4.0,European Paper Wasp
534599898,PaDi,CC BY-NC-ND 4.0,Yellow-haired Sun Fly
534599903,PaDi,CC BY-NC-ND 4.0,Yellow-haired Sun Fly
534600049,PaDi,CC BY-NC-ND 4.0,Western Honey Bee
534600111,PaDi,CC BY-NC-ND 4.0,Yellow-haired Sun Fly
534600828,PaDi,CC BY-NC-ND 4.0,Western Honey Bee
534601861,PaDi,CC BY-NC-ND 4.0,Golden Furrow Bee
534601887,PaDi,CC BY-NC-ND 4.0,Common Carder Bumble Bee
536006014,mikele718,CC BY-NC 4.0,Yellow-legged Mining Bee
536099570,Lennart Mak,CC BY-NC 4.0,
536130285,dzika,CC BY-NC 4.0,Yellow-legged Mining Bee
536444641,Simon Radziszewski,CC BY-NC 4.0,Ashy Mining Bee
537059240,PaDi,CC BY-NC-ND 4.0,Common Carder Bumble Bee
537059431,PaDi,CC BY-NC-ND 4.0,Yellow-haired Sun Fly
537059791,PaDi,CC BY-NC-ND 4.0,European Paper Wasp
537106193,Cristina Krippahl,CC BY-NC 4.0,Common Furrow Bee
537174075,Tiocapon,CC BY-NC 4.0,
537217258,PaDi,CC BY-NC-ND 4.0,Western Honey Bee
537566071,PaDi,CC BY-NC-ND 4.0,Common Carder Bumble Bee
537685906,PaDi,CC BY-NC-ND 4.0,Buff-tailed Bumble Bee
537686203,PaDi,CC BY-NC-ND 4.0,Buff-tailed Bumble Bee
537686271,PaDi,CC BY-NC-ND 4.0,Buff-tailed Bumble Bee
537693792,j p,CC BY-NC 4.0,Yellow-legged Mining Bee
537941763,fkfhof,CC BY-NC 4.0,Ashy Mining Bee
537991598,PaDi,CC BY-NC-ND 4.0,European Paper Wasp
538019874,PaDi,CC BY-NC-ND 4.0,Common Carder Bumble Bee
538019912,PaDi,CC BY-NC-ND 4.0,Common Carder Bumble Bee
538019921,PaDi,CC BY-NC-ND 4.0,Great Banded Furrow Bee
538019935,PaDi,CC BY-NC-ND 4.0,Shrill Carder-Bumble Bee
538019952,PaDi,CC BY-NC-ND 4.0,Great Banded Furrow Bee
538020127,PaDi,CC BY-NC-ND 4.0,Common European Yellowjacket
538020318,PaDi,CC BY-NC-ND 4.0,Western Honey Bee
538020554,PaDi,CC BY-NC-ND 4.0,Common Carder Bumble Bee
538020618,PaDi,CC BY-NC-ND 4.0,European Paper Wasp
538020685,PaDi,CC BY-NC-ND 4.0,Yellow-haired Sun Fly
538020707,PaDi,CC BY-NC-ND 4.0,Great Banded Furrow Bee
538020744,PaDi,CC BY-NC-ND 4.0,European Paper Wasp
538020825,PaDi,CC BY-NC-ND 4.0,Great Banded Furrow Bee
538020827,PaDi,CC BY-NC-ND 4.0,Common Carder Bumble Bee
538020834,PaDi,CC BY-NC-ND 4.0,Red-tailed Bumble Bee
538020957,PaDi,CC BY-NC-ND 4.0,Great Banded Furrow Bee
538551828,Michel,,
538626673,PaDi,CC BY-NC-ND 4.0,Red-tailed Bumble Bee
538951742,ralfschmitz,CC BY-NC 4.0,Ashy Mining Bee
539021472,Mattias Nemeth,CC BY-NC 4.0,
539095157,Anatole Maugendre,CC BY-NC 4.0,Common Masked Bee
539176032,andi251199,CC BY-NC 4.0,Yellow-legged Mining Bee
539601361,carstenfuchs,CC BY-NC 4.0,Yellow-legged Mining Bee
539681896,Ð¡Ð¾ÐºÐ¾Ð»ÐºÐ¾Ð² Ð®Ñ€Ð¸Ð¹ ÐŸÐ°Ð²Ð»Ð¾Ð²Ð¸Ñ‡,CC BY-NC 4.0,Yellow-legged Mining Bee
539704414,Ð¡Ð¾ÐºÐ¾Ð»ÐºÐ¾Ð² Ð®Ñ€Ð¸Ð¹ ÐŸÐ°Ð²Ð»Ð¾Ð²Ð¸Ñ‡,CC BY-NC 4.0,Yellow-legged Mining Bee
540601167,JoeBu,CC BY-NC-ND 4.0,Yellow-legged Mining Bee
540622293,denismatthey,CC BY-NC 4.0,Ashy Mining Bee
540622346,denismatthey,CC BY-NC 4.0,Ashy Mining Bee
540726110,Jack Alcorn,CC BY 4.0,Common Furrow Bee
540920509,Alex Playford,CC BY-NC 4.0,Yellow-legged Mining Bee
541845075,Anton Loutte,CC BY-NC 4.0,Common Masked Bee
541879018,Benjamin Schedl,CC BY-NC 4.0,
541879031,Benjamin Schedl,CC BY-NC 4.0,
542284902,Vincent Luis,CC BY-NC-SA 4.0,Ashy Mining Bee
542293468,Cristina Krippahl,CC BY-NC 4.0,Common Masked Bee
542320306,Bartosz Norek,CC BY-NC 4.0,Yellow-legged Mining Bee
542407966,Ewa Rauner-BuÅ‚czyÅ„ska,CC BY-NC 4.0,Yellow-legged Mining Bee
542961963,lmk96,CC BY-NC 4.0,Yellow-legged Mining Bee
542964965,lmk96,CC BY-NC 4.0,Yellow-legged Mining Bee
543926451,PaDi,CC BY-NC-ND 4.0,Yellow-haired Sun Fly
543939296,PaDi,CC BY-NC-ND 4.0,Common Carder Bumble Bee
544045271,Karolina StÄ…pÃ³r,CC BY-NC 4.0,Yellow-legged Mining Bee
544061462,Karolina StÄ…pÃ³r,CC BY-NC 4.0,Yellow-legged Mining Bee
544314514,PaDi,CC BY-NC-ND 4.0,Yellow-haired Sun Fly
544314579,PaDi,CC BY-NC-ND 4.0,German Yellowjacket
544314617,PaDi,CC BY-NC-ND 4.0,Great Banded Furrow Bee
544314671,PaDi,CC BY-NC-ND 4.0,Common European Yellowjacket
544314688,PaDi,CC BY-NC-ND 4.0,Common European Yellowjacket
544314692,PaDi,CC BY-NC-ND 4.0,Common European Yellowjacket
544340707,Emilia GrzÄ™dzicka,CC BY-NC 4.0,Yellow-legged Mining Bee
544425694,Zuzu,CC BY-NC 4.0,
544510964,PaDi,CC BY-NC-ND 4.0,Yellow-haired Sun Fly
544511262,PaDi,CC BY-NC-ND 4.0,Western Honey Bee
544511391,PaDi,CC BY-NC-ND 4.0,Common European Yellowjacket
544511744,PaDi,CC BY-NC-ND 4.0,Western Honey Bee
544512012,PaDi,CC BY-NC-ND 4.0,Common European Yellowjacket
544512059,PaDi,CC BY-NC-ND 4.0,Common European Yellowjacket
544512250,PaDi,CC BY-NC-ND 4.0,European Paper Wasp
545002368,PaDi,CC BY-NC-ND 4.0,European Paper Wasp
545002416,PaDi,CC BY-NC-ND 4.0,Great Banded Furrow Bee
545002434,PaDi,CC BY-NC-ND 4.0,Common Carder Bumble Bee
545002435,PaDi,CC BY-NC-ND 4.0,Red-tailed Bumble Bee
545002457,PaDi,CC BY-NC-ND 4.0,Great Banded Furrow Bee
545002459,PaDi,CC BY-NC-ND 4.0,Common Carder Bumble Bee
545002533,PaDi,CC BY-NC-ND 4.0,European Paper Wasp
545002541,PaDi,CC BY-NC-ND 4.0,European Paper Wasp
545002626,PaDi,CC BY-NC-ND 4.0,Yellow-haired Sun Fly
545002664,PaDi,CC BY-NC-ND 4.0,European Paper Wasp
545002888,PaDi,CC BY-NC-ND 4.0,Yellow-haired Sun Fly
545002905,PaDi,CC BY-NC-ND 4.0,Yellow-haired Sun Fly
545003037,PaDi,CC BY-NC-ND 4.0,Yellow-haired Sun Fly
545003125,PaDi,CC BY-NC-ND 4.0,Yellow-haired Sun Fly
545003160,PaDi,CC BY-NC-ND 4.0,Yellow-haired Sun Fly
545940074,PaDi,CC BY-NC-ND 4.0,Common Carder Bumble Bee
545940123,PaDi,CC BY-NC-ND 4.0,European Woolcarder Bee
545940177,PaDi,CC BY-NC-ND 4.0,European Paper Wasp
545940374,PaDi,CC BY-NC-ND 4.0,Yellow-haired Sun Fly
545940387,PaDi,CC BY-NC-ND 4.0,Yellow-haired Sun Fly
545940731,PaDi,CC BY-NC-ND 4.0,Common Carder Bumble Bee
545940756,PaDi,CC BY-NC-ND 4.0,Great Banded Furrow Bee
545940772,PaDi,CC BY-NC-ND 4.0,Great Banded Furrow Bee
545940778,PaDi,CC BY-NC-ND 4.0,Common Carder Bumble Bee
545940955,PaDi,CC BY-NC-ND 4.0,European Paper Wasp
545940989,PaDi,CC BY-NC-ND 4.0,European Paper Wasp
546457723,preitler,CC BY-NC 4.0,
547354590,nati0508,CC BY-NC 4.0,Yellow-legged Mining Bee
547448248,kacper,CC BY-NC 4.0,Yellow-legged Mining Bee
547587874,fkfhof,CC BY-NC 4.0,Ashy Mining Bee
550201555,Ð®Ñ€Ñ–Ð¹ Ð‘ÐµÐ½Ð³ÑƒÑ,CC BY-NC 4.0,Yellow-legged Mining Bee
550618432,Daniel,CC BY-NC 4.0,Zephyr Sweat Bee
550795337,Nigel Thomas,CC BY-NC 4.0,Ashy Mining Bee
551316441,PaDi,CC BY-NC-ND 4.0,Red Clover
553249950,PaDi,CC BY-NC-ND 4.0,Red Clover
553505461,fangchen,CC BY-NC 4.0,
553823885,Jani JÃ¤rvi,CC BY-NC 4.0,Ashy Mining Bee
5539536,psweet,CC BY-SA 4.0,Hairy Sweat Bee
554377524,Neil,CC BY-NC 4.0,Common Furrow Bee
554377539,Neil,CC BY-NC 4.0,Common Furrow Bee
555784931,Avery Hansen,CC BY-NC 4.0,Slender-faced Masked Bee
556051384,Amanda Barth,CC BY-NC 4.0,Slender-faced Masked Bee
556201175,Vojta Stejskal,CC BY-NC 4.0,Ashy Mining Bee
557462646,jltasset,CC BY-NC 4.0,Yellow-legged Mining Bee
558357807,Christian Langner,,
559328998,Abigail Hardwick,CC BY-NC 4.0,Ashy Mining Bee
559572224,Heather Holm,CC BY-NC 4.0,Zephyr Sweat Bee
561357165,Marleen Schouten,CC BY-NC 4.0,Common Furrow Bee
561622077,David Mantack,CC BY-NC 4.0,Hairy Sweat Bee
561860670,xenia_hd,CC BY-NC 4.0,Ashy Mining Bee
564309579,Ursula0406,CC BY-NC 4.0,Ashy Mining Bee
565055108,Ursula0406,CC BY-NC 4.0,Yellow-legged Mining Bee
565060050,Ursula0406,CC BY-NC 4.0,Ashy Mining Bee
565061399,Ursula0406,CC BY-NC 4.0,Ashy Mining Bee
565427311,Ursula0406,CC BY-NC 4.0,Yellow-legged Mining Bee
565428324,Ursula0406,CC BY-NC 4.0,Ashy Mining Bee
565939480,abotto,CC BY 4.0,Ashy Mining Bee
567236712,PaDi,CC BY-NC-ND 4.0,European Woolcarder Bee
567249523,PaDi,CC BY-NC-ND 4.0,Western Honey Bee
567249591,PaDi,CC BY-NC-ND 4.0,Common Carder Bumble Bee
567249704,PaDi,CC BY-NC-ND 4.0,Yellow-haired Sun Fly
567249720,PaDi,CC BY-NC-ND 4.0,European Paper Wasp
567249945,PaDi,CC BY-NC-ND 4.0,European Woolcarder Bee
567250112,Magnus Stenmark,CC BY-NC 4.0,Grey-backed Mining Bee
568638602,Grace Jeschke,CC BY-NC 4.0,Zephyr Sweat Bee
568825806,Gary,CC BY-NC 4.0,Zephyr Sweat Bee
568881793,Christian Nunes,CC BY-NC 4.0,Zephyr Sweat Bee
569109837,misha,CC BY-NC 4.0,Ashy Mining Bee
569566894,janag,CC BY-NC 4.0,Grey-backed Mining Bee
570931849,sinabonertz,CC BY-NC 4.0,Ashy Mining Bee
571471146,PaDi,CC BY-NC-ND 4.0,Ashy Mining Bee
572397728,Kostas Zontanos,CC BY 4.0,Yellow-legged Mining Bee
572670275,Antonia,CC BY-NC 4.0,Ashy Mining Bee
572884507,Gerd Crocoll,CC BY-NC 4.0,Ashy Mining Bee
57294014,Robert Webster,CC BY-SA 4.0,Zephyr Sweat Bee
573780579,jhusband,CC BY-NC 4.0,Ashy Mining Bee
574558722,Mark MacLennan,CC BY-NC 4.0,Zephyr Sweat Bee
575055349,Vincent Luis,CC BY-NC-SA 4.0,Yellow-legged Mining Bee
575194201,Gerd Crocoll,CC BY-NC 4.0,Ashy Mining Bee
578771325,Anna Hauprich,CC BY-NC-ND 4.0,Ashy Mining Bee
578925814,Brenda Black,CC BY 4.0,Common Furrow Bee
581349871,cheraaax66,CC BY-NC 4.0,Grey-backed Mining Bee
582871138,Magnus Stenmark,CC BY-NC 4.0,Ashy Mining Bee
582885330,Aron O.,CC BY-NC 4.0,Ashy Mining Bee
583037398,benrl,CC BY-NC 4.0,Ashy Mining Bee
583903205,John Millican,CC BY-NC 4.0,Ashy Mining Bee
585643598,Lesley Burrow,CC BY-NC 4.0,Ashy Mining Bee
586765215,robertgessing,CC BY-NC 4.0,Zephyr Sweat Bee
587244619,Jinmin Li,CC BY-NC-SA 4.0,Hairy Sweat Bee
587337137,By Milly Rudling,,Ashy Mining Bee
587684065,nirannor,CC BY-NC 4.0,Yellow-legged Mining Bee
588065965,Vitaly Polyakov,CC BY-NC 4.0,Ashy Mining Bee
588114111,kstrings,CC BY-NC 4.0,Ashy Mining Bee
588149779,theochass,CC BY-NC 4.0,Yellow-legged Mining Bee
592344337,zanethomas,CC BY-NC 4.0,Slender-faced Masked Bee
594375406,naturalisttt,CC BY-NC 4.0,Grey-backed Mining Bee
595295138,janag,CC BY-NC 4.0,Ashy Mining Bee
595495611,Cristina Krippahl,CC BY-NC 4.0,Yellow-legged Mining Bee
595515771,Brenda Black,CC BY 4.0,Yellow-legged Mining Bee
595676783,MK,CC BY-NC 4.0,Zephyr Sweat Bee
596034818,Ð’Ð¾Ñ‚Ð¸Ð½Ñ†ÐµÐ²Ñ‹ Ð•Ð»ÐµÐ½Ð° Ð¸ Ð¡ÐµÑ€Ð³ÐµÐ¹,CC BY-NC 4.0,Grey-backed Mining Bee
597729735,Nicolas Mimidis,CC BY-NC 4.0,Ashy Mining Bee
598397205,Samuel P.C.,CC BY-NC 4.0,Ashy Mining Bee
598707730,Felix Riegel,CC BY-NC 4.0,Common Masked Bee
598736990,Marco Bondini,CC BY-NC 4.0,Yellow-legged Mining Bee
599743818,MarkCocker,CC BY-NC 4.0,Ashy Mining Bee
600358284,Vincent BÃ¶hm,CC BY-NC 4.0,Common Furrow Bee
601749845,çŽ‹ç°,CC BY-NC 4.0,Ashy Mining Bee
601967966,Joss Carr,CC BY 4.0,Ashy Mining Bee
602207254,Joss Carr,CC BY 4.0,Ashy Mining Bee
602834179,thadeus72,CC BY-NC 4.0,Yellow-legged Mining Bee
67226330,felixf,CC BY-NC 4.0,
74987934,PaDi,CC BY-NC-ND 4.0,Common Carder Bumble Bee
75045056,PaDi,CC BY-NC-ND 4.0,Red Mason Bee
75165675,PaDi,CC BY-NC-ND 4.0,Common Carder Bumble Bee
75168369,PaDi,CC BY-NC-ND 4.0,Western Honey Bee
75172183,PaDi,CC BY-NC-ND 4.0,Red Clover
75365222,PaDi,CC BY-NC-ND 4.0,Western Honey Bee
76480371,PaDi,CC BY-NC-ND 4.0,Red Clover
76535072,PaDi,CC BY-NC-ND 4.0,Western Honey Bee
76881250,PaDi,CC BY-NC-ND 4.0,Common Carder Bumble Bee
77386289,PaDi,CC BY-NC-ND 4.0,Red Clover
77820493,PaDi,CC BY-NC-ND 4.0,Western Honey Bee
77820900,PaDi,CC BY-NC-ND 4.0,Western Honey Bee
77990817,PaDi,CC BY-NC-ND 4.0,Western Honey Bee
78924378,PaDi,CC BY-NC-ND 4.0,Red Clover
78924977,PaDi,CC BY-NC-ND 4.0,Western Honey Bee
78944145,PaDi,CC BY-NC-ND 4.0,Western Honey Bee
79266931,PaDi,CC BY-NC-ND 4.0,Great Banded Furrow Bee
79267984,PaDi,CC BY-NC-ND 4.0,European Paper Wasp
79452135,PaDi,CC BY-NC-ND 4.0,Oblong Woolcarder Bee
79473241,PaDi,CC BY-NC-ND 4.0,Western Honey Bee
79601459,PaDi,CC BY-NC-ND 4.0,Great Banded Furrow Bee
80489788,PaDi,CC BY-NC-ND 4.0,Variegated Masked Bee
80803501,PaDi,CC BY-NC-ND 4.0,Great Banded Furrow Bee
81745631,PaDi,CC BY-NC-ND 4.0,Western Honey Bee
81762796,PaDi,CC BY-NC-ND 4.0,Western Honey Bee
81762803,PaDi,CC BY-NC-ND 4.0,Red-tailed Bumble Bee
81782979,PaDi,CC BY-NC-ND 4.0,Western Honey Bee
81783012,PaDi,CC BY-NC-ND 4.0,Red-tailed Bumble Bee
81783029,PaDi,CC BY-NC-ND 4.0,Yellow-legged Mining Bee
81783120,PaDi,CC BY-NC-ND 4.0,Great Banded Furrow Bee
81783138,PaDi,CC BY-NC-ND 4.0,Red-tailed Bumble Bee
81783195,PaDi,CC BY-NC-ND 4.0,Western Honey Bee
81817907,PaDi,CC BY-NC-ND 4.0,Red Clover
82164730,PaDi,CC BY-NC-ND 4.0,Common Carder Bumble Bee
82453898,PaDi,CC BY-NC-ND 4.0,Great Banded Furrow Bee
82471788,PaDi,CC BY-NC-ND 4.0,Great Banded Furrow Bee
82471856,PaDi,CC BY-NC-ND 4.0,Buff-tailed Bumble Bee
82472029,PaDi,CC BY-NC-ND 4.0,Western Honey Bee
82482276,PaDi,CC BY-NC-ND 4.0,Western Honey Bee
82482823,PaDi,CC BY-NC-ND 4.0,Western Honey Bee
82482924,PaDi,CC BY-NC-ND 4.0,Western Honey Bee
82492033,PaDi,CC BY-NC-ND 4.0,Red-tailed Bumble Bee
82492099,PaDi,CC BY-NC-ND 4.0,Western Honey Bee
82492151,PaDi,CC BY-NC-ND 4.0,Western Honey Bee
82492167,PaDi,CC BY-NC-ND 4.0,Red-tailed Bumble Bee
82492258,PaDi,CC BY-NC-ND 4.0,Red-tailed Bumble Bee
82492332,PaDi,CC BY-NC-ND 4.0,Red-tailed Bumble Bee
82492373,PaDi,CC BY-NC-ND 4.0,Red-tailed Bumble Bee
82492387,PaDi,CC BY-NC-ND 4.0,Red-tailed Bumble Bee
82492432,PaDi,CC BY-NC-ND 4.0,Western Honey Bee
82492537,PaDi,CC BY-NC-ND 4.0,Western Honey Bee
82492663,PaDi,CC BY-NC-ND 4.0,Red-tailed Bumble Bee
82507671,PaDi,CC BY-NC-ND 4.0,Great Banded Furrow Bee
82507694,PaDi,CC BY-NC-ND 4.0,Red-tailed Bumble Bee
82507950,PaDi,CC BY-NC-ND 4.0,Western Honey Bee
82558875,PaDi,CC BY-NC-ND 4.0,Red-tailed Bumble Bee
82659610,PaDi,CC BY-NC-ND 4.0,Western Honey Bee
82690025,PaDi,CC BY-NC-ND 4.0,Red-tailed Bumble Bee
82690144,PaDi,CC BY-NC-ND 4.0,Great Banded Furrow Bee
82690234,PaDi,CC BY-NC-ND 4.0,Great Banded Furrow Bee
82690567,PaDi,CC BY-NC-ND 4.0,Great Banded Furrow Bee
82690656,PaDi,CC BY-NC-ND 4.0,Buff-tailed Bumble Bee
82690709,PaDi,CC BY-NC-ND 4.0,Great Banded Furrow Bee
82690873,PaDi,CC BY-NC-ND 4.0,Buff-tailed Bumble Bee
82850394,PaDi,CC BY-NC-ND 4.0,European Paper Wasp
82850499,PaDi,CC BY-NC-ND 4.0,Buff-tailed Bumble Bee
82850529,PaDi,CC BY-NC-ND 4.0,Western Honey Bee
83032449,PaDi,CC BY-NC-ND 4.0,Common Carder Bumble Bee
83044592,PaDi,CC BY-NC-ND 4.0,European Paper Wasp
83044630,PaDi,CC BY-NC-ND 4.0,Yellow-haired Sun Fly
83044638,PaDi,CC BY-NC-ND 4.0,European Paper Wasp
83044663,PaDi,CC BY-NC-ND 4.0,Common Carder Bumble Bee
83596069,PaDi,CC BY-NC-ND 4.0,Red-tailed Bumble Bee
83596078,PaDi,CC BY-NC-ND 4.0,Oblong Woolcarder Bee
83596156,PaDi,CC BY-NC-ND 4.0,Western Honey Bee
83596166,PaDi,CC BY-NC-ND 4.0,German Yellowjacket
84873761,PaDi,CC BY-NC-ND 4.0,Oblong Woolcarder Bee
84873923,PaDi,CC BY-NC-ND 4.0,Western Honey Bee
84873987,PaDi,CC BY-NC-ND 4.0,Western Honey Bee
84874093,PaDi,CC BY-NC-ND 4.0,Western Honey Bee
84874136,PaDi,CC BY-NC-ND 4.0,Yellow-haired Sun Fly
84874217,PaDi,CC BY-NC-ND 4.0,Yellow-haired Sun Fly
84881293,PaDi,CC BY-NC-ND 4.0,Great Banded Furrow Bee
84881320,PaDi,CC BY-NC-ND 4.0,Great Banded Furrow Bee
84881420,PaDi,CC BY-NC-ND 4.0,Common Furrow Bee
85014443,PaDi,CC BY-NC-ND 4.0,Common Carder Bumble Bee
85801787,PaDi,CC BY-NC-ND 4.0,Common Carder Bumble Bee
89568931,PaDi,CC BY-NC-ND 4.0,Yellow-haired Sun Fly
89568987,PaDi,CC BY-NC-ND 4.0,European Paper Wasp
89569170,PaDi,CC BY-NC-ND 4.0,European Paper Wasp
90427941,PaDi,CC BY-NC-ND 4.0,European Paper Wasp
90427945,PaDi,CC BY-NC-ND 4.0,German Yellowjacket
90752162,PaDi,CC BY-NC-ND 4.0,Yellow-haired Sun Fly
90761359,PaDi,CC BY-NC-ND 4.0,German Yellowjacket
90782684,PaDi,CC BY-NC-ND 4.0,Great Banded Furrow Bee
9080410,Tim Leppek,CC BY-NC 4.0,Nocturnal Sweat Bees
91271562,PaDi,CC BY-NC-ND 4.0,Great Banded Furrow Bee
91271689,PaDi,CC BY-NC-ND 4.0,Great Banded Furrow Bee
91644883,PaDi,CC BY-NC-ND 4.0,Yellow-haired Sun Fly
91644978,PaDi,CC BY-NC-ND 4.0,Yellow-haired Sun Fly
91780515,PaDi,CC BY-NC-ND 4.0,Western Honey Bee
91780543,PaDi,CC BY-NC-ND 4.0,Western Honey Bee
91780600,PaDi,CC BY-NC-ND 4.0,Common Carder Bumble Bee
91780612,PaDi,CC BY-NC-ND 4.0,Common Carder Bumble Bee
91780629,PaDi,CC BY-NC-ND 4.0,Common Carder Bumble Bee
91790695,PaDi,CC BY-NC-ND 4.0,Yellow-haired Sun Fly
91790752,PaDi,CC BY-NC-ND 4.0,German Yellowjacket
91790880,PaDi,CC BY-NC-ND 4.0,German Yellowjacket
91790907,PaDi,CC BY-NC-ND 4.0,German Yellowjacket
92153772,PaDi,CC BY-NC-ND 4.0,Western Honey Bee
92154007,PaDi,CC BY-NC-ND 4.0,Western Honey Bee
92154023,PaDi,CC BY-NC-ND 4.0,German Yellowjacket
92258581,PaDi,CC BY-NC-ND 4.0,Great Banded Furrow Bee
92258609,PaDi,CC BY-NC-ND 4.0,Western Honey Bee
92258971,PaDi,CC BY-NC-ND 4.0,Common European Yellowjacket
92809688,PaDi,CC BY-NC-ND 4.0,Common Carder Bumble Bee
92809739,PaDi,CC BY-NC-ND 4.0,German Yellowjacket
92991396,PaDi,CC BY-NC-ND 4.0,Red-tailed Bumble Bee
92991435,PaDi,CC BY-NC-ND 4.0,Great Banded Furrow Bee
93107716,PaDi,CC BY-NC-ND 4.0,Western Honey Bee
93107746,PaDi,CC BY-NC-ND 4.0,Western Honey Bee
93107752,PaDi,CC BY-NC-ND 4.0,Western Honey Bee
93254354,PaDi,CC BY-NC-ND 4.0,Western Honey Bee
93254621,PaDi,CC BY-NC-ND 4.0,Western Honey Bee
93254652,PaDi,CC BY-NC-ND 4.0,Western Honey Bee
93975055,PaDi,CC BY-NC-ND 4.0,Western Honey Bee
94194315,PaDi,CC BY-NC-ND 4.0,Western Honey Bee
94485142,PaDi,CC BY-NC-ND 4.0,Common Carder Bumble Bee
94588484,PaDi,CC BY-NC-ND 4.0,German Yellowjacket
95218465,PaDi,CC BY-NC-ND 4.0,Western Honey Bee
95720631,PaDi,CC BY-NC-ND 4.0,Western Honey Bee
95720705,PaDi,CC BY-NC-ND 4.0,European Paper Wasp
95720722,PaDi,CC BY-NC-ND 4.0,Western Honey Bee
95833642,PaDi,CC BY-NC-ND 4.0,European Paper Wasp
95833652,PaDi,CC BY-NC-ND 4.0,Western Honey Bee
96436047,PaDi,CC BY-NC-ND 4.0,Western Honey Bee
96436150,PaDi,CC BY-NC-ND 4.0,Common Carder Bumble Bee
96767552,PaDi,CC BY-NC-ND 4.0,Western Honey Bee
96767573,PaDi,CC BY-NC-ND 4.0,Common Carder Bumble Bee
96934181,PaDi,CC BY-NC-ND 4.0,Red Clover
98072780,PaDi,CC BY-NC-ND 4.0,Great Banded Furrow Bee
98222548,PaDi,CC BY-NC-ND 4.0,Common Carder Bumble Bee
98222644,PaDi,CC BY-NC-ND 4.0,Western Honey Bee
98222725,PaDi,CC BY-NC-ND 4.0,Western Honey Bee
98247294,PaDi,CC BY-NC-ND 4.0,Western Honey Bee
98890750,Sara Simpkins,CC BY-NC 4.0,Zephyr Sweat Bee
